-- phpMyAdmin SQL Dump
-- version 4.8.0.1
-- https://www.phpmyadmin.net/
--
-- Host: 127.0.0.1
-- Generation Time: Feb 01, 2019 at 01:47 PM
-- Server version: 10.1.32-MariaDB
-- PHP Version: 7.2.5

SET SQL_MODE = "NO_AUTO_VALUE_ON_ZERO";
SET AUTOCOMMIT = 0;
START TRANSACTION;
SET time_zone = "+00:00";


/*!40101 SET @OLD_CHARACTER_SET_CLIENT=@@CHARACTER_SET_CLIENT */;
/*!40101 SET @OLD_CHARACTER_SET_RESULTS=@@CHARACTER_SET_RESULTS */;
/*!40101 SET @OLD_COLLATION_CONNECTION=@@COLLATION_CONNECTION */;
/*!40101 SET NAMES utf8mb4 */;

--
-- Database: `nutritech`
--

-- --------------------------------------------------------

--
-- Table structure for table `currency_rates`
--

CREATE TABLE `currency_rates` (
  `id` int(11) NOT NULL,
  `usd_rate` decimal(8,6) NOT NULL
) ENGINE=InnoDB DEFAULT CHARSET=latin1;

--
-- Dumping data for table `currency_rates`
--

INSERT INTO `currency_rates` (`id`, `usd_rate`) VALUES
(1, '52.232991');

-- --------------------------------------------------------

--
-- Table structure for table `items`
--

CREATE TABLE `items` (
  `id` int(11) NOT NULL,
  `item_id` int(11) NOT NULL,
  `item_class_id` int(11) NOT NULL,
  `item_description` varchar(255) NOT NULL,
  `unit_price` decimal(18,2) NOT NULL,
  `nsp` decimal(18,2) NOT NULL,
  `pse` decimal(18,2) NOT NULL,
  `item_photo` varchar(255) NOT NULL,
  `sequence` int(11) NOT NULL
) ENGINE=InnoDB DEFAULT CHARSET=latin1;

--
-- Dumping data for table `items`
--

INSERT INTO `items` (`id`, `item_id`, `item_class_id`, `item_description`, `unit_price`, `nsp`, `pse`, `item_photo`, `sequence`) VALUES
(1, 3201, 1, 'ULTRA TECH OIL SKILLET - 220V', '57960.00', '51750.00', '0.00', 'dining/cookwarespecials/ut/ut.png', 1),
(2, 3253, 1, 'ULTRA TECH OIL SKILLET - 110V', '59920.00', '53500.00', '0.00', 'dining/cookwarespecials/ut/ut.png', 1),
(3, 3948, 1, 'ADVANCED ULTRA CORE ELECTRIC OIL SKILLET W/ GLASS COVER - 220V', '69860.00', '62375.00', '0.00', 'dining/cookwarespecials/uc/ucglass.png', 4),
(4, 3949, 1, 'ADVANCED ULTRA CORE ELECTRIC OIL SKILLET W/ GLASS COVER - 110V', '71470.00', '63812.50', '0.00', 'dining/cookwarespecials/uc/ucglass.png', 4),
(5, 2538, 1, 'MAGIC COOKER - 110V', '76636.00', '68425.00', '0.00', 'dining/cookwarespecials/mc/mc.png', 5),
(6, 455, 1, 'MAGIC COOKER - 220V', '74900.00', '66875.00', '0.00', 'dining/cookwarespecials/mc/mc.png', 6),
(7, 2005, 1, 'MEGA CONTACT GRILL TOASTER - 220V', '42840.00', '38250.00', '0.00', 'dining/cookwarespecials/mcgt/mcgt.png', 7),
(8, 2016, 1, 'MEGA CONTACT GRILL TOASTER - 110V', '44520.00', '39750.00', '0.00', 'dining/cookwarespecials/mcgt/mcgt.png', 8),
(9, 4001, 1, 'AUTOMATIC MAGIC ALL S/S MULTI-RICE COOKWARE - 110V', '46480.00', '41500.00', '0.00', 'dining/rck.png', 9),
(10, 3998, 1, 'AUTOMATIC MAGIC ALL S/S MULTI-RICE COOKWARE - 220V', '44800.00', '40000.00', '0.00', 'dining/rck.png', 10),
(11, 3542, 1, 'CHAFING DISH WITH S/S COVER', '37940.00', '33875.00', '0.00', 'dining/cookwarespecials/cd/cd.png', 12),
(12, 1076, 1, 'COLOSSAL OVAL FISH POACHER ', '36400.00', '32500.00', '0.00', 'dining/cookwarespecials/cofp/cofp.png', 12),
(13, 2908, 1, 'PRESIDENT ROUND GRILL PAN W/ SPOUT', '19800.00', '17670.00', '0.00', 'dining/cookwarespecials/prgp/prgp.png', 13),
(14, 3537, 1, 'LIFESTYLE PAN WITH COVER - MARBLE COATING', '14560.00', '13000.00', '0.00', 'dining/cookwarespecials/lifestylepan/lpcmc.png', 14),
(15, 3545, 2, 'ELEGANT MEAL KIT', '13580.00', '12125.00', '0.00', 'giving/emk.png', 0),
(16, 1155, 2, 'THERMOTECH ', '9968.00', '8900.00', '2000.00', 'giving/ttech.png', 5),
(17, 3321, 2, 'TUMBLERTECH', '3920.00', '3500.00', '1000.00', 'giving/tblr.png', 6),
(18, 3370, 2, 'LARGE OVAL TRAY WITH DOME COVER', '19800.00', '17670.00', '0.00', 'giving/lotc.png', 7),
(19, 3450, 2, 'ULTIMATE WHISTLING KETTLE', '13580.00', '12125.00', '0.00', 'dining/uwk.png', 8),
(20, 2910, 2, '6PC MULTI-FUNCTIONAL MESH STRAINER SET', '9968.00', '8900.00', '2000.00', 'giving/strainer.png', 9),
(21, 2013, 2, '8PC KITCHEN SPECIALTY ITEMS', '23380.00', '20875.00', '0.00', 'giving/ksi.png', 10),
(22, 963, 2, 'CAN OPENER S/S', '1960.00', '1750.00', '500.00', 'giving/co.png', 11),
(23, 2912, 2, 'CERAMIC PEELER', '840.00', '750.00', '200.00', 'giving/cp.png', 12),
(24, 1632, 2, 'SUPREME MULTI-FUNCTION KITCHEN SHEAR ', '3920.00', '3500.00', '1000.00', 'giving/ks.png', 14),
(25, 1147, 2, 'VACUUM FRESH SET', '20860.00', '18625.00', '0.00', 'giving/vfs.png', 17),
(26, 969, 3, 'JUICE MASTER PROFESSIONAL - 110V', '59920.00', '53500.00', '0.00', 'living/jm1_a.png', 0),
(27, 1827, 3, 'JUICE MASTER PROFESSIONAL - 220V', '57960.00', '51750.00', '0.00', 'living/jm1_a.png', 0),
(28, 3548, 3, 'FOOD BLENDER TECH - 220V', '59920.00', '53500.00', '15000.00', 'living/fbtech.png', 0),
(29, 3549, 3, 'FOOD BLENDER TECH - 110V', '62720.00', '56000.00', '15000.00', 'living/fbtech.png', 0),
(30, 3527, 3, 'COFFEETECH DELUXE - FRESH BREW 220V', '42840.00', '38250.00', '0.00', 'giving/coffee-tech.png', 3),
(31, 3531, 3, 'COFFEETECH DELUXE - FRESH BREW 110V', '44520.00', '39750.00', '0.00', 'giving/coffee-tech.png', 3),
(32, 3448, 4, '4PC UNIVERSAL 5-PLY STEAMER WOK', '42840.00', '38250.00', '0.00', 'living/owok.png', 0),
(33, 1153, 4, '2 QT SAUCEPAN - STARTER', '12320.00', '11000.00', '0.00', 'dining/2qtstarter.png', 0),
(34, 1892, 4, '2 QT SAUCEPAN - 5 PLY COOKWARE', '13580.00', '12125.00', '0.00', 'dining/2qt.png', 1),
(35, 3449, 4, '8PC JUMBO COOKWARE SET', '78680.00', '70250.00', '0.00', 'dining/8pc-jumbo.png', 3),
(36, 2913, 4, '7PC STARTER SET WITH JCS DOME COVER', '48440.00', '43250.00', '0.00', 'dining/touchofclass/7pcstarter/starterset.png', 4),
(37, 958, 4, '3PC COLANDER SET - 5-PLY', '36400.00', '32500.00', '0.00', 'dining/colander.png', 5),
(38, 1888, 4, '1.5 QT SAUCEPAN - 5 PLY COOKWARE', '12880.00', '11500.00', '0.00', 'dining/1.5qt.png', 7),
(39, 1887, 4, '11PC FAMILY COOKWARE SET - 5 PLY', '78680.00', '70250.00', '0.00', 'dining/touchofclass/11pc/11pc.png', 8),
(40, 2051, 4, '12QT DUTCH OVEN WITH WHISTLING KNOB COVER', '29700.00', '26510.00', '0.00', 'dining/touchofclass/12qt.png', 9),
(41, 972, 4, '24QTS STOCK POT WITH VENTED KNOB COVER', '36400.00', '32500.00', '0.00', 'dining/24qt.png', 10),
(42, 2914, 4, '3PC JUNIOR COLANDER SET W/ COVER - STARTER', '26460.00', '23625.00', '0.00', 'dining/jcs.png', 11),
(43, 1901, 4, '6QT DUTCH OVEN W/ COVER - 5 PLY COOKWARE', '29700.00', '26510.00', '0.00', 'dining/6qt.png', 12),
(44, 1904, 4, '9 1/2\" FRYING PAN WITH COVER - 5 PLY COOKWARE', '17500.00', '15625.00', '0.00', 'dining/9fyringpan.png', 13),
(45, 1741, 5, 'CRYSTAL FLUTE - LUDOVICA FRANCIS', '2240.00', '2000.00', '0.00', 'dining/flute.png', 1),
(46, 1740, 5, 'CRYSTAL GOBLET - LUDOVICA FRANCIS', '2240.00', '2000.00', '0.00', 'dining/goblet.png', 2),
(47, 1742, 5, 'CRYSTAL WINE - LUDOVICA FRANCIS', '2240.00', '2000.00', '0.00', 'dining/wine.png', 3),
(48, 1739, 5, 'CRYSTAL GLASS - LUDOVICA FRANCIS', '2240.00', '2000.00', '0.00', 'dining/glass.png', 4),
(49, 3700, 5, 'CRYSTAL DECANTER BOTTLE - LUDOVICA FRANCIS', '20860.00', '18625.00', '0.00', 'dining/decanter.png', 5),
(50, 1672, 5, '1X4 LUDOVICA FRANCIS FINE CRYSTAL COLLECTION', '7980.00', '7125.00', '0.00', 'dining/1x4.png', 6),
(51, 1687, 5, '4X4 LUDOVICA FRANCIS FINE CRYSTAL COLLECTION', '28140.00', '25125.00', '0.00', 'dining/4x4.png', 7),
(52, 1647, 6, 'COMPLETER SET I PACKAGE - PRINCE THOBIAN', '37940.00', '33875.00', '0.00', 'dining/completers1package.png', 0),
(53, 3457, 6, 'COMPLETER SET I PACKAGE - BARON FRANCIS', '39900.00', '35625.00', '0.00', 'dining/completers1package.png', 0),
(54, 3456, 6, 'COMPLETER SET I INDIVIDUAL - BARON FRANCIS', '11620.00', '10375.00', '0.00', 'dining/completers1.png', 1),
(55, 1666, 6, 'COMPLETER SET I INDIVIDUAL - PRINCE THOBIAN', '10780.00', '9625.00', '0.00', 'dining/completers1.png', 1),
(56, 1648, 6, 'COMPLETER SET II INDIVIDUAL - PRINCE THOBIAN', '66920.00', '59750.00', '0.00', 'dining/completers2.png', 3),
(57, 3458, 6, 'COMPLETER SET II INDIVIDUAL - BARON FRANCIS', '70840.00', '63250.00', '0.00', 'dining/completers2.png', 3),
(58, 3455, 6, '5PC BASIC SERVING SET BARON FRANCIS', '29400.00', '26250.00', '0.00', 'dining/5basic.png', 4),
(59, 1646, 6, '5PC BASIC SERVING SET PRINCE THOBIAN', '27860.00', '24875.00', '0.00', 'dining/5basic.png', 4),
(60, 1645, 6, '4X3 PC SETTING - PRINCE THOBIAN', '37940.00', '33875.00', '0.00', 'dining/4x3.png', 5),
(61, 3454, 6, '4X3 PC SETTING - BARON FRANCIS', '39900.00', '35625.00', '0.00', 'dining/4x3.png', 5),
(62, 2140, 7, '72PC ADRIAN FINE TABLEWARE SET', '70420.00', '62875.00', '0.00', 'dining/72pc.png', 0),
(63, 3371, 7, '4X5 PC PLACE SETTING ADRIAN TABLEWARE W/ INLAID GOLD', '24220.00', '21625.00', '0.00', 'dining/4x5.png', 0),
(64, 3372, 7, '12 SERVING PCS ADRIAN TABLEWARE WITH INLAID GOLD', '27720.00', '24750.00', '0.00', 'dining/12pc.png', 0),
(65, 3452, 7, '3PC BASIC GIFT SET - ADRIAN FINE TABLEWARE INLAID GOLD COLLECTION', '5600.00', '5000.00', '0.00', 'giving/3pcs.png', 12),
(66, 2915, 8, '10\" CERAMIC WATER FILTER W/ CARBON CARTRIDGE', '29700.00', '26510.00', '0.00', 'living/cwf.png', 0),
(67, 2113, 12, '6PC STEAK KNIFE WITH WOODEN CASE (4.5\")', '14560.00', '13000.00', '0.00', 'dining/6pcsteak.png', 0),
(68, 962, 12, '9 PC BASIC GOURMET SET WITH KNIFE BLOCK', '36400.00', '32500.00', '0.00', 'dining/9pc.png', 1),
(69, 961, 12, '16PC GOURMET SET W/ KNIFE BLOCK', '45500.00', '40625.00', '0.00', 'dining/16pc.png', 3),
(70, 960, 12, '19PC HOMEMAKER SET', '56140.00', '50125.00', '0.00', 'dining/19pc.png', 5),
(71, 2917, 12, 'CHOP & DROP CUTTING BOARD - RECTANGLE', '8540.00', '7625.00', '0.00', 'dining/cb_rec.png', 6),
(72, 3441, 14, 'AIRTECH PURIFIER WITH GWMX - 220V', '114800.00', '102500.00', '0.00', 'living/atech.png', 0),
(73, 3442, 14, 'AIRTECH PURIFIER WITH GWMX - 110V', '119840.00', '107000.00', '0.00', 'living/atech.png', 0),
(74, 3443, 14, 'AIRTECH - CARTRIDGE SET W/ GWMX', '11850.00', '10580.00', '2500.00', 'living/atech_filter.png', 0),
(75, 3451, 14, 'OUTDOOR MIST FAN HUMIDIFIER 220V', '39760.00', '35500.00', '0.00', 'living/mist_fan.png', 0),
(76, 3505, 14, 'OUTDOOR MIST FAN HUMIDIFIER 110V', '41440.00', '37000.00', '0.00', 'living/mist_fan.png', 0);

-- --------------------------------------------------------

--
-- Table structure for table `item_class`
--

CREATE TABLE `item_class` (
  `id` int(11) NOT NULL,
  `item_class_description` varchar(255) NOT NULL
) ENGINE=InnoDB DEFAULT CHARSET=latin1;

--
-- Dumping data for table `item_class`
--

INSERT INTO `item_class` (`id`, `item_class_description`) VALUES
(1, 'COOKWARE \"SPECIALS\"'),
(2, 'FAST BREAK ITEM / KITCHEN ACCESSORIES'),
(3, 'JUICE EXTRACTION & FOOD PROCESSING  SYSTEM'),
(4, 'COOKWARE \"A TOUCH OF CLASS\"'),
(5, 'FINE CRYSTAL COLLECTION'),
(6, 'FINE BONE CHINA COLLECTION'),
(7, 'FINE TABLEWARE COLLECTION'),
(8, 'WATER FILTER SYSTEM'),
(9, 'SPARE PARTS'),
(10, 'MARKETING SOUVENIR ITEMS'),
(11, 'MARKETING MATERIALS'),
(12, 'FINE CUTLERY COLLECTION'),
(13, 'FIRST CLASS COLLECTION'),
(14, 'AIR PURIFICATION SYSTEM');

-- --------------------------------------------------------

--
-- Table structure for table `item_packages`
--

CREATE TABLE `item_packages` (
  `id` int(11) NOT NULL,
  `product_name` varchar(100) NOT NULL,
  `product_img` varchar(255) NOT NULL,
  `product_code` varchar(50) NOT NULL,
  `sequence` int(11) NOT NULL,
  `unit_price` decimal(18,2) NOT NULL
) ENGINE=InnoDB DEFAULT CHARSET=latin1;

--
-- Dumping data for table `item_packages`
--

INSERT INTO `item_packages` (`id`, `product_name`, `product_img`, `product_code`, `sequence`, `unit_price`) VALUES
(1, 'GRANDSLAM PACKAGE', 'collection/grandslam.png', 'MJURWAMBDC197117', 1, '895020.00'),
(2, 'BABY GRANDSLAM PACKAGE', 'collection/baby_g.png', 'MJURMA711', 2, '481320.00'),
(3, 'WESTERN BONANZA PACKAGE', 'collection/western.png', 'MJURMW', 3, '316680.00'),
(4, 'EASTERN BONANZA - PRINCE THOBIAN', 'collection/eastern.png', 'PTCRC1C2', 4, '191100.00'),
(5, 'EASTERN BONANZA - BARON FRANCIS', 'collection/eastern.png', 'BFCRC1C2', 5, '199920.00'),
(6, 'ATLANTIC BONANZA - PRINCE THOBIAN', 'collection/atlantic.png', 'PTCR7219', 6, '218820.00'),
(7, 'ATLANTIC BONANZA - BARON FRANCIS', 'collection/atlantic.png', 'BFCR7219', 7, '222600.00'),
(8, 'PACIFIC BONANZA PACKAGE', 'collection/pacific.png', 'MJUR', 8, '207060.00'),
(9, 'NORTHERN BONANZA PACKAGE', 'collection/northern.png', 'FBJ19', 9, '207900.00'),
(10, 'SOUTHERN BONANZA PACKAGE', 'collection/southern.png', 'MACJB', 10, '290640.00'),
(11, '31PC MASTER COOKWARE PACKAGE', 'collection/31pc.png', '31PC', 11, '248220.00');

-- --------------------------------------------------------

--
-- Table structure for table `promo_items`
--

CREATE TABLE `promo_items` (
  `id` int(11) NOT NULL,
  `promo_id` int(11) NOT NULL,
  `promo_type_id` int(11) NOT NULL,
  `promo_code` varchar(50) NOT NULL,
  `promo_description` varchar(255) NOT NULL,
  `promo_period_from` datetime NOT NULL,
  `promo_period_to` datetime NOT NULL,
  `pse` decimal(18,2) NOT NULL,
  `tsp` decimal(18,2) NOT NULL,
  `nsp` decimal(18,2) NOT NULL,
  `item_package_id` int(11) NOT NULL
) ENGINE=InnoDB DEFAULT CHARSET=latin1;

--
-- Dumping data for table `promo_items`
--

INSERT INTO `promo_items` (`id`, `promo_id`, `promo_type_id`, `promo_code`, `promo_description`, `promo_period_from`, `promo_period_to`, `pse`, `tsp`, `nsp`, `item_package_id`) VALUES
(1, 7657, 1, 'M-10\" CWF', 'MONTHLY PROMO - 10\" CWF', '2019-01-08 00:00:00', '2019-02-04 00:00:00', '0.00', '29700.00', '26510.00', 0),
(2, 7615, 1, 'M-11PC COOKWARE', 'MONTHLY PROMO - 11PC COOKWARE', '2019-01-08 00:00:00', '2019-02-04 00:00:00', '0.00', '78680.00', '70250.00', 0),
(3, 7658, 1, 'M-12QT', 'MONTHLY PROMO - 12QT DUTCH OVEN ', '2019-01-08 00:00:00', '2019-02-04 00:00:00', '0.00', '29700.00', '26510.00', 0),
(4, 7629, 1, 'M-19PC ', 'MONTHLY PROMO - 19PC HOMEMAKER', '2019-01-08 00:00:00', '2019-02-04 00:00:00', '0.00', '56140.00', '50125.00', 0),
(5, 7643, 1, 'M-24QT', 'MONTHLY PROMO - 24QT STOCK POT', '2019-01-08 00:00:00', '2019-02-04 00:00:00', '0.00', '36400.00', '32500.00', 0),
(6, 7683, 1, 'M-31PC', 'MONTHLY - 31PC MASTER COOKWARE SET', '2019-01-08 00:00:00', '2019-02-04 00:00:00', '0.00', '248220.00', '221625.00', 11),
(7, 7637, 1, 'M-4PC STEAMRWOK', 'MONTHLY PROMO - 4PC STEAMER WOK ', '2019-01-08 00:00:00', '2019-02-04 00:00:00', '0.00', '42840.00', '38250.00', 0),
(8, 7651, 1, 'M-4X3 BARON', 'MONTHLY PROMO - 4X3 PC PLACE SETTING BARON', '2019-01-08 00:00:00', '2019-02-04 00:00:00', '0.00', '39900.00', '35625.00', 0),
(9, 7652, 1, 'M-4X3 PRINCE', 'MONTHLY PROMO - 4X3 PC PLACE SETTING PRINCE', '2019-01-08 00:00:00', '2019-02-04 00:00:00', '0.00', '37940.00', '33875.00', 0),
(10, 7655, 1, 'M-4X4 LUDOVICA', 'MONTHLY PROMO - 4X4 PC PLACE SETTING LUDOVICA FRANCIS FINE CRYSTALS', '2019-01-08 00:00:00', '2019-02-04 00:00:00', '0.00', '28140.00', '25125.00', 0),
(11, 7653, 1, 'M-5PC BASIC BRN', 'MONTHLY PROMO - 5PC BASIC SERVING SET BARON', '2019-01-08 00:00:00', '2019-02-04 00:00:00', '0.00', '29400.00', '26250.00', 0),
(12, 7654, 1, 'M-5PC BASIC PRN', 'MONTHLY PROMO - 5PC BASIC SERVING SET PRINCE', '2019-01-08 00:00:00', '2019-02-04 00:00:00', '0.00', '27860.00', '24875.00', 0),
(13, 7671, 1, 'M-6PC STRAINER ', 'MONTHLY PROMO - 6 PC STRAINER SET', '2019-01-08 00:00:00', '2019-02-04 00:00:00', '0.00', '9968.00', '8900.00', 0),
(14, 7619, 1, 'M-72PC ADRIAN', 'MONTHLY PROMO - 72PC ADRIAN TABLEWARE', '2019-01-08 00:00:00', '2019-02-04 00:00:00', '0.00', '70420.00', '62875.00', 0),
(15, 7630, 1, 'M-7PC STARTER', 'MONTHLY PROMO - 7PC STARTER SET', '2019-01-08 00:00:00', '2019-02-04 00:00:00', '0.00', '48440.00', '43250.00', 0),
(16, 7616, 1, 'M-8PC JUMBO', 'MONTHLY PROMO - 8PC JUMBO COOKWARE SET', '2019-01-08 00:00:00', '2019-02-04 00:00:00', '0.00', '78680.00', '70250.00', 0),
(17, 7661, 1, 'M-8PC KSI', 'MONTHLY PROMO - 8PC KITCHEN SPECIALTY ITEMS', '2019-01-08 00:00:00', '2019-02-04 00:00:00', '0.00', '23380.00', '20875.00', 0),
(18, 7644, 1, 'M-9PC BASIC', 'MONTHLY PROMO - 9PC BASIC GOURMET SET', '2019-01-08 00:00:00', '2019-02-04 00:00:00', '0.00', '36400.00', '32500.00', 0),
(19, 7680, 1, 'M-ATLANTIC BARON', 'MONTHLY - ATLANTIC BARON FRANCIS', '2019-01-08 00:00:00', '2019-02-04 00:00:00', '0.00', '222600.00', '198750.00', 7),
(20, 7679, 1, 'M-ATLANTIC PRINCE', 'MONTHLY - ATLANTIC PRINCE THOBIAN', '2019-01-08 00:00:00', '2019-02-04 00:00:00', '0.00', '218820.00', '195375.00', 6),
(21, 7675, 1, 'M-BABY GRAND', 'MONTHLY PROMO - BABY GRAND SLAM PACKAGE', '2019-01-08 00:00:00', '2019-02-04 00:00:00', '0.00', '481320.00', '429750.00', 2),
(22, 7645, 1, 'M-CD', 'MONTHLY PROMO - CHAFING DISH', '2019-01-08 00:00:00', '2019-02-04 00:00:00', '0.00', '37940.00', '33875.00', 0),
(23, 7642, 1, 'M-COFP', 'MONTHLY PROMO - COLOSSAL OVAL FISH POACHER', '2019-01-08 00:00:00', '2019-02-04 00:00:00', '0.00', '37940.00', '33875.00', 0),
(24, 7649, 1, 'M-COM SET1 BRN', 'MONTHLY PROMO - COMPLETER SET 1 BARON FRANCIS FINE BONE CHINA', '2019-01-08 00:00:00', '2019-02-04 00:00:00', '0.00', '39900.00', '35625.00', 0),
(25, 7650, 1, 'M-COM SET1 PRN', 'MONTHLY PROMO - COMPLETER SET 1 PRINCE THOBIAN FINE BONE CHINA', '2019-01-08 00:00:00', '2019-02-04 00:00:00', '0.00', '37940.00', '33875.00', 0),
(26, 7647, 1, 'M-COM SET2 BRN', 'MONTHLY PROMO - COMPLETER SET 2 BARON FRANCIS FINE BONE CHINA', '2019-01-08 00:00:00', '2019-02-04 00:00:00', '0.00', '70840.00', '63250.00', 0),
(27, 7648, 1, 'M-COM SET2 PRN', 'MONTHLY PROMO - COMPLETER SET 2 PRINCE THOBIAN FINE BONE CHINA', '2019-01-08 00:00:00', '2019-02-04 00:00:00', '0.00', '66920.00', '59750.00', 0),
(28, 7640, 1, 'M-CTECH 110V', 'MONTHLY PROMO - COFFEETECH 110V', '2019-01-08 00:00:00', '2019-02-04 00:00:00', '0.00', '44520.00', '39750.00', 0),
(29, 7641, 1, 'M-CTECH 220V', 'MONTHLY PROMO - COFFEETECH 220V', '2019-01-08 00:00:00', '2019-02-04 00:00:00', '0.00', '42840.00', '38250.00', 0),
(30, 7660, 1, 'M-DTIC 220V', 'MONTHLY PROMO - DIGITAL TITANIUM INDUCTION COOKER 220V', '2019-01-08 00:00:00', '2019-02-04 00:00:00', '0.00', '27860.00', '24875.00', 0),
(31, 7677, 1, 'M-EASTERN BARON', 'MONTHLY - EASTERN BARON FRANCIS', '2019-01-08 00:00:00', '2019-02-04 00:00:00', '0.00', '199920.00', '178500.00', 5),
(32, 7678, 1, 'M-EASTERN PRINC', 'MONTHLY - EASTERN PRINCE THOBIAN', '2019-01-08 00:00:00', '2019-02-04 00:00:00', '0.00', '191100.00', '170625.00', 4),
(33, 7669, 1, 'M-EMK', 'MONTHLY PROMO - ELEGANT MEAL KIT', '2019-01-08 00:00:00', '2019-02-04 00:00:00', '0.00', '13580.00', '12125.00', 0),
(34, 7674, 1, 'M-GRAND SLAM', 'MONTHLY PROMO - GRAND SLAM PACKAGE', '2019-01-08 00:00:00', '2019-02-04 00:00:00', '0.00', '895020.00', '799125.00', 1),
(35, 7625, 1, 'M-JM 110V', 'MONTHLY PROMO - JUICE MASTER 110V', '2019-01-08 00:00:00', '2019-02-04 00:00:00', '0.00', '59920.00', '53500.00', 0),
(36, 7626, 1, 'M-JM 220V', 'MONTHLY PROMO - JUICE MASTER 220V', '2019-01-08 00:00:00', '2019-02-04 00:00:00', '0.00', '57960.00', '51750.00', 0),
(37, 7673, 1, 'M-JM+MC', 'MONTHLY - JUICE MASTER + MAGIC COOKER', '2019-01-08 00:00:00', '2019-02-04 00:00:00', '0.00', '132860.00', '118625.00', 0),
(38, 7624, 1, 'M-JM+UC', 'MONTHLY - JUICE MASTER + ULTRA CORE', '2019-01-08 00:00:00', '2019-02-04 00:00:00', '0.00', '127820.00', '114125.00', 0),
(39, 7662, 1, 'M-LOTC', 'MONTHLY PROMO - LARGE STAINLESS STEEL OVAL TRAY W/ COVER', '2019-01-08 00:00:00', '2019-02-04 00:00:00', '0.00', '19800.00', '17670.00', 0),
(40, 7664, 1, 'M-LPC', 'MONTHLY PROMO - LIFESTYLE PAN WITH COVER', '2019-01-08 00:00:00', '2019-02-04 00:00:00', '0.00', '14560.00', '13000.00', 0),
(41, 7617, 1, 'M-MC 110V', 'MONTHLY PROMO - MAGIC COOKER 110V', '2019-01-08 00:00:00', '2019-02-04 00:00:00', '0.00', '76636.00', '68425.00', 0),
(42, 7618, 1, 'M-MC 220V', 'MONTHLY PROMO - MAGIC COOKER 220V', '2019-01-08 00:00:00', '2019-02-04 00:00:00', '0.00', '74900.00', '66875.00', 0),
(43, 7672, 1, 'M-MC+UC', 'MONTHLY - MAGIC COOKER + ULTRA CORE', '2019-01-08 00:00:00', '2019-02-04 00:00:00', '0.00', '144760.00', '129250.00', 0),
(44, 7639, 1, 'M-MCGT 220V', 'MONTHLY PROMO - MCGT 220V', '2019-01-08 00:00:00', '2019-02-04 00:00:00', '0.00', '42840.00', '38250.00', 0),
(45, 7634, 1, 'M-MIST FAN 110V', 'MONTHLY - OUTDOOR MIST FAN 110V', '2019-01-08 00:00:00', '2019-02-04 00:00:00', '0.00', '41440.00', '37000.00', 0),
(46, 7635, 1, 'M-MIST FAN 220V', 'MONTHLY - OUTDOOR MIST FAN 220V', '2019-01-08 00:00:00', '2019-02-04 00:00:00', '0.00', '39760.00', '35500.00', 0),
(47, 7682, 1, 'M-NORTHERN', 'MONTHLY PROMO - NORTHERN BONANZA', '2019-01-08 00:00:00', '2019-02-04 00:00:00', '0.00', '207060.00', '184875.00', 9),
(48, 7681, 1, 'M-PACIFIC', 'MONTHLY PROMO - PACIFIC BONANZA', '2019-01-08 00:00:00', '2019-02-04 00:00:00', '0.00', '207060.00', '184875.00', 8),
(49, 7668, 1, 'M-PRGP', 'MONTHLY PROMO - PRESIDENTS ROUND GRILL PAN', '2019-01-08 00:00:00', '2019-02-04 00:00:00', '0.00', '19800.00', '17670.00', 0),
(50, 7656, 1, 'M-RC', 'MONTHLY PROMO - 10.5QT RAPID COOKWARE', '2019-01-08 00:00:00', '2019-02-04 00:00:00', '0.00', '30940.00', '27625.00', 0),
(51, 7633, 1, 'M-RCK 110V', 'MONTHLY PROMO - AUTOMATIC S/S RICE COOKER 110V', '2019-01-08 00:00:00', '2019-02-04 00:00:00', '0.00', '46480.00', '41500.00', 0),
(52, 7632, 1, 'M-RCK 220V', 'MONTHLY PROMO - AUTOMATIC S/S RICE COOKER 220V', '2019-01-08 00:00:00', '2019-02-04 00:00:00', '0.00', '44800.00', '40000.00', 0),
(53, 7666, 1, 'M-SBTA 110V', 'MONTHLY PROMO - SUPER BREAD TOASTER ADVANCED 110V', '2019-01-08 00:00:00', '2019-02-04 00:00:00', '0.00', '21280.00', '19000.00', 0),
(54, 7667, 1, 'M-SBTA 220V', 'MONTHLY PROMO - SUPER BREAD TOASTER ADVANCED 220V', '2019-01-08 00:00:00', '2019-02-04 00:00:00', '0.00', '19800.00', '17670.00', 0),
(55, 7506, 1, 'M-SOUTHERN', 'MONTHLY PROMO - SOUTHERN BONANZA WELLNESS PACKAGE', '2019-01-08 00:00:00', '2019-02-04 00:00:00', '0.00', '290640.00', '259500.00', 10),
(56, 7670, 1, 'M-THERMOTECH', 'MONTHLY PROMO - THERMOTECH', '2019-01-08 00:00:00', '2019-02-04 00:00:00', '0.00', '9968.00', '8900.00', 0),
(57, 7620, 1, 'M-UC 110V', 'MONTHLY PROMO - ULTRACORE 110V', '2019-01-08 00:00:00', '2019-02-04 00:00:00', '0.00', '71470.00', '63812.50', 0),
(58, 7621, 1, 'M-UC 220V', 'MONTHLY PROMO - ULTRACORE 220V', '2019-01-08 00:00:00', '2019-02-04 00:00:00', '0.00', '69860.00', '62375.00', 0),
(59, 7627, 1, 'M-UTECH 110V', 'MONTHLY PROMO - ULTRATECH 110V', '2019-01-08 00:00:00', '2019-02-04 00:00:00', '0.00', '59920.00', '53500.00', 0),
(60, 7628, 1, 'M-UTECH 220V', 'MONTHLY PROMO - ULTRATECH 220V', '2019-01-08 00:00:00', '2019-02-04 00:00:00', '0.00', '57960.00', '51750.00', 0),
(61, 7665, 1, 'M-UWK', 'MONTHLY PROMO - ULTIMATE WHISTLING KETTLE', '2019-01-08 00:00:00', '2019-02-04 00:00:00', '0.00', '13580.00', '12125.00', 0),
(62, 7663, 1, 'M-VFS', 'MONTHLY PROMO - VACUUM FRESH SET', '2019-01-08 00:00:00', '2019-02-04 00:00:00', '0.00', '20860.00', '18625.00', 0),
(63, 7676, 1, 'M-WESTERN', 'MONTHLY - WESTERN BONANZA', '2019-01-08 00:00:00', '2019-02-04 00:00:00', '0.00', '316680.00', '282750.00', 3),
(64, 7739, 2, 'B-11PC COOKWARE', ' BOOSTER - 11PC FAMILY COOKWARE SET', '2019-01-29 00:00:00', '2019-02-04 00:00:00', '0.00', '78680.00', '70250.00', 0),
(65, 7748, 2, 'B-4PC STEAMRWOK', ' BOOSTER - 4PC STEAMER WOK', '2019-01-29 00:00:00', '2019-02-04 00:00:00', '0.00', '42840.00', '38250.00', 0),
(66, 7743, 2, 'B-72PC ADRIAN ', ' BOOSTER - 72 ADRIAN FLATWARE SET', '2019-01-29 00:00:00', '2019-02-04 00:00:00', '0.00', '70420.00', '62875.00', 0),
(67, 7740, 2, 'B-8PC JUMBO', ' BOOSTER - 8PC JUMBO COOKWARE SET', '2019-01-29 00:00:00', '2019-02-04 00:00:00', '0.00', '78680.00', '70250.00', 0),
(68, 7737, 2, 'B-AIRTECH 110V', 'BOOSTER - AIRTECH 110V', '2019-01-29 00:00:00', '2019-02-04 00:00:00', '0.00', '119840.00', '107000.00', 0),
(69, 7738, 2, 'B-AIRTECH 220V', 'BOOSTER - AIRTECH 220V', '2019-01-29 00:00:00', '2019-02-04 00:00:00', '0.00', '114800.00', '102500.00', 0),
(70, 7749, 2, 'B-CTECH 110V', 'BOOSTER - COFFEETECH 110V', '2019-01-29 00:00:00', '2019-02-04 00:00:00', '0.00', '44520.00', '39750.00', 0),
(71, 7750, 2, 'B-CTECH 220V', 'BOOSTER - COFFEETECH 220V', '2019-01-29 00:00:00', '2019-02-04 00:00:00', '0.00', '42840.00', '38250.00', 0),
(72, 7751, 2, 'B-MCGT 110V', ' BOOSTER - MEGA CONTACT GRILL TOASTER 110V', '2019-01-29 00:00:00', '2019-02-04 00:00:00', '0.00', '44520.00', '39750.00', 0),
(73, 7752, 2, 'B-MCGT 220V', ' BOOSTER - MEGA CONTACT GRILL TOASTER 220V', '2019-01-29 00:00:00', '2019-02-04 00:00:00', '0.00', '42840.00', '38250.00', 0),
(74, 7736, 2, 'B-PACIFIC', ' BOOSTER - PACIFIC BONANZA', '2019-01-29 00:00:00', '2019-02-04 00:00:00', '0.00', '207060.00', '184875.00', 8),
(75, 7746, 2, 'B-RCK 110V', 'BOOSTER-RICE COOKWARE 110V', '2019-01-29 00:00:00', '2019-02-04 00:00:00', '0.00', '46480.00', '41500.00', 0),
(76, 7747, 2, 'B-RCK 220V', 'BOOSTER-RICE COOKWARE 220V', '2019-01-29 00:00:00', '2019-02-04 00:00:00', '0.00', '44800.00', '40000.00', 0),
(77, 7742, 2, 'B-UC 110V', ' BOOSTER - ULTRACORE 110V', '2019-01-29 00:00:00', '2019-02-04 00:00:00', '0.00', '71470.00', '63812.50', 0),
(78, 7741, 2, 'B-UC 220V', ' BOOSTER - ULTRACORE 220V', '2019-01-29 00:00:00', '2019-02-04 00:00:00', '0.00', '69860.00', '62375.00', 0),
(79, 7735, 2, 'B-WESTERN', 'BOOSTER - WESTERN BONANZA', '2019-01-29 00:00:00', '2019-02-04 00:00:00', '0.00', '316680.00', '287750.00', 3),
(80, 7745, 3, 'B-FBTECH 110V', ' BOOSTER - FOODBLENDERTECH 110V', '2019-01-29 00:00:00', '2019-02-04 00:00:00', '15000.00', '62720.00', '56000.00', 0),
(81, 7744, 3, 'B-FBTECH 220V', ' BOOSTER - FOODBLENDERTECH 220V', '2019-01-29 00:00:00', '2019-02-04 00:00:00', '15000.00', '59920.00', '53500.00', 0),
(82, 7622, 3, 'M-FBTECH 110V', 'MONTHLY PROMO - FOODBLENDERTECH 110V', '2019-01-08 00:00:00', '2019-02-04 00:00:00', '15000.00', '62720.00', '56000.00', 0),
(83, 7623, 3, 'M-FBTECH 220V', 'MONTHLY PROMO - FOOD BLENDERTECH 220V', '2019-01-08 00:00:00', '2019-02-04 00:00:00', '15000.00', '59920.00', '53500.00', 0),
(84, 7756, 3, 'SPL-MCGT 110V', 'SPECIALS PROMO - MEGA CONTACT GRILL TOASTER 110V', '2019-01-29 00:00:00', '2019-02-04 00:00:00', '11000.00', '44520.00', '39750.00', 0),
(85, 7755, 3, 'SPL-MCGT 220V', 'SPECIALS PROMO - MEGA CONTACT GRILL TOASTER 220V', '2019-01-29 00:00:00', '2019-02-04 00:00:00', '11000.00', '42840.00', '38250.00', 0),
(86, 7754, 3, 'SPL-UC 110V', 'SPECIALS PROMO - ULTRA CORE 110V', '2019-01-29 00:00:00', '2019-02-04 00:00:00', '21000.00', '71470.00', '63812.50', 0),
(87, 7753, 3, 'SPL-UC 220V', 'SPECIALS PROMO - ULTRA CORE 220V', '2019-01-29 00:00:00', '2019-02-04 00:00:00', '21000.00', '69860.00', '62375.00', 0),
(88, 7592, 8, 'CONVENTION-JM', '2020 CONVENTION - JM', '2019-01-08 15:43:04', '2019-02-04 00:00:00', '0.00', '46900.00', '0.00', 0),
(89, 7591, 8, 'CONVENTION-MCGT', '2020 CONVENTION - MCGT', '2019-01-08 15:41:16', '2019-02-04 00:00:00', '0.00', '26900.00', '0.00', 0),
(90, 7590, 8, 'CONVENTION-RCK', '2020 CONVENTION - RCK', '2019-01-08 15:40:05', '2019-02-04 00:00:00', '0.00', '26900.00', '0.00', 0);

-- --------------------------------------------------------

--
-- Table structure for table `promo_item_breakdown`
--

CREATE TABLE `promo_item_breakdown` (
  `id` int(11) NOT NULL,
  `con_id` int(11) NOT NULL,
  `item_id` int(11) NOT NULL,
  `distribution_type_id` int(11) NOT NULL,
  `transaction_qty` int(11) NOT NULL,
  `unit_price` int(11) NOT NULL,
  `nsp` int(11) NOT NULL,
  `recipient` varchar(5) NOT NULL
) ENGINE=InnoDB DEFAULT CHARSET=latin1;

-- --------------------------------------------------------

--
-- Table structure for table `promo_type`
--

CREATE TABLE `promo_type` (
  `id` int(11) NOT NULL,
  `promo_type` varchar(255) NOT NULL
) ENGINE=InnoDB DEFAULT CHARSET=latin1;

--
-- Dumping data for table `promo_type`
--

INSERT INTO `promo_type` (`id`, `promo_type`) VALUES
(1, 'MONTHLY'),
(2, 'BOOSTER'),
(3, 'SPECIALS'),
(4, 'SLASH'),
(5, 'PRESIDENT'),
(6, 'ICE BREAKER'),
(7, 'MANAGERS GATHERING'),
(8, 'CONVENTION'),
(9, 'CLEARANCE SALES'),
(10, 'TRAVEL LIFESTYLE'),
(11, 'BASIC SELLING SKILLS'),
(12, 'FIESTRAVAGANZA'),
(13, 'FASTRACK'),
(14, 'EAGLE'),
(15, 'HAPPY DAY ESCAPADE'),
(16, 'FASTBREAK');

--
-- Indexes for dumped tables
--

--
-- Indexes for table `currency_rates`
--
ALTER TABLE `currency_rates`
  ADD PRIMARY KEY (`id`);

--
-- Indexes for table `items`
--
ALTER TABLE `items`
  ADD PRIMARY KEY (`id`),
  ADD UNIQUE KEY `item_id` (`item_id`);

--
-- Indexes for table `item_class`
--
ALTER TABLE `item_class`
  ADD PRIMARY KEY (`id`);

--
-- Indexes for table `item_packages`
--
ALTER TABLE `item_packages`
  ADD PRIMARY KEY (`id`);

--
-- Indexes for table `promo_items`
--
ALTER TABLE `promo_items`
  ADD PRIMARY KEY (`id`);

--
-- Indexes for table `promo_item_breakdown`
--
ALTER TABLE `promo_item_breakdown`
  ADD PRIMARY KEY (`id`);

--
-- Indexes for table `promo_type`
--
ALTER TABLE `promo_type`
  ADD PRIMARY KEY (`id`);

--
-- AUTO_INCREMENT for dumped tables
--

--
-- AUTO_INCREMENT for table `currency_rates`
--
ALTER TABLE `currency_rates`
  MODIFY `id` int(11) NOT NULL AUTO_INCREMENT, AUTO_INCREMENT=2;

--
-- AUTO_INCREMENT for table `items`
--
ALTER TABLE `items`
  MODIFY `id` int(11) NOT NULL AUTO_INCREMENT, AUTO_INCREMENT=77;

--
-- AUTO_INCREMENT for table `item_class`
--
ALTER TABLE `item_class`
  MODIFY `id` int(11) NOT NULL AUTO_INCREMENT, AUTO_INCREMENT=15;

--
-- AUTO_INCREMENT for table `item_packages`
--
ALTER TABLE `item_packages`
  MODIFY `id` int(11) NOT NULL AUTO_INCREMENT, AUTO_INCREMENT=12;

--
-- AUTO_INCREMENT for table `promo_items`
--
ALTER TABLE `promo_items`
  MODIFY `id` int(11) NOT NULL AUTO_INCREMENT, AUTO_INCREMENT=91;

--
-- AUTO_INCREMENT for table `promo_item_breakdown`
--
ALTER TABLE `promo_item_breakdown`
  MODIFY `id` int(11) NOT NULL AUTO_INCREMENT;

--
-- AUTO_INCREMENT for table `promo_type`
--
ALTER TABLE `promo_type`
  MODIFY `id` int(11) NOT NULL AUTO_INCREMENT, AUTO_INCREMENT=17;
COMMIT;

/*!40101 SET CHARACTER_SET_CLIENT=@OLD_CHARACTER_SET_CLIENT */;
/*!40101 SET CHARACTER_SET_RESULTS=@OLD_CHARACTER_SET_RESULTS */;
/*!40101 SET COLLATION_CONNECTION=@OLD_COLLATION_CONNECTION */;
