-- phpMyAdmin SQL Dump
-- version 4.8.0.1
-- https://www.phpmyadmin.net/
--
-- Host: 127.0.0.1
-- Generation Time: Mar 04, 2019 at 07:34 AM
-- Server version: 10.1.32-MariaDB
-- PHP Version: 7.2.5

SET SQL_MODE = "NO_AUTO_VALUE_ON_ZERO";
SET AUTOCOMMIT = 0;
START TRANSACTION;
SET time_zone = "+00:00";


/*!40101 SET @OLD_CHARACTER_SET_CLIENT=@@CHARACTER_SET_CLIENT */;
/*!40101 SET @OLD_CHARACTER_SET_RESULTS=@@CHARACTER_SET_RESULTS */;
/*!40101 SET @OLD_COLLATION_CONNECTION=@@COLLATION_CONNECTION */;
/*!40101 SET NAMES utf8mb4 */;

--
-- Database: `nutritech`
--

-- --------------------------------------------------------

--
-- Table structure for table `countries`
--

CREATE TABLE `countries` (
  `id` int(11) NOT NULL,
  `country` varchar(50) NOT NULL,
  `country_code` varchar(20) NOT NULL
) ENGINE=InnoDB DEFAULT CHARSET=latin1;

--
-- Dumping data for table `countries`
--

INSERT INTO `countries` (`id`, `country`, `country_code`) VALUES
(1, 'Afghanistan', 'AF'),
(2, 'Albania', 'AL'),
(3, 'Algeria', 'DZ'),
(4, 'American Samoa', 'AS'),
(5, 'Andorra', 'AD'),
(6, 'Angola', 'AO'),
(7, 'Anguilla', 'AI'),
(8, 'Antarctica', 'AQ'),
(9, 'Antigua and Barbuda', 'AG'),
(10, 'Argentina', 'AR'),
(11, 'Armenia', 'AM'),
(12, 'Aruba', 'AW'),
(13, 'Australia', 'AU'),
(14, 'Austria', 'AT'),
(15, 'Azerbaijan', 'AZ'),
(16, 'Bahamas', 'BS'),
(17, 'Bahrain', 'BH'),
(18, 'Bangladesh', 'BD'),
(19, 'Barbados', 'BB'),
(20, 'Belarus', 'BY'),
(21, 'Belgium', 'BE'),
(22, 'Belize', 'BZ'),
(23, 'Benin', 'BJ'),
(24, 'Bermuda', 'BM'),
(25, 'Bhutan', 'BT'),
(26, 'Bolivia', 'BO'),
(27, 'Bosnia and Herzegovina', 'BA'),
(28, 'Botswana', 'BW'),
(29, 'Brazil', 'BR'),
(30, 'British Indian Ocean Territory', 'IO'),
(31, 'British Virgin Islands', 'VG'),
(32, 'Brunei', 'BN'),
(33, 'Bulgaria', 'BG'),
(34, 'Burkina Faso', 'BF'),
(35, 'Burundi', 'BI'),
(36, 'Cambodia', 'KH'),
(37, 'Cameroon', 'CM'),
(38, 'Canada', 'CA'),
(39, 'Cape Verde', 'CV'),
(40, 'Cayman Islands', 'KY'),
(41, 'Central African Republic', 'CF'),
(42, 'Chad', 'TD'),
(43, 'Chile', 'CL'),
(44, 'China', 'CN'),
(45, 'Christmas Island', 'CX'),
(46, 'Cocos Islands', 'CC'),
(47, 'Colombia', 'CO'),
(48, 'Comoros', 'KM'),
(49, 'Cook Islands', 'CK'),
(50, 'Costa Rica', 'CR'),
(51, 'Croatia', 'HR'),
(52, 'Cuba', 'CU'),
(53, 'Curacao', 'CW'),
(54, 'Cyprus', 'CY'),
(55, 'Czech Republic', 'CZ'),
(56, 'Democratic Republic of the Congo', 'CD'),
(57, 'Denmark', 'DK'),
(58, 'Djibouti', 'DJ'),
(59, 'Dominica', 'DM'),
(60, 'Dominican Republic', 'DO'),
(61, 'East Timor', 'TL'),
(62, 'Ecuador', 'EC'),
(63, 'Egypt', 'EG'),
(64, 'El Salvador', 'SV'),
(65, 'Equatorial Guinea', 'GQ'),
(66, 'Eritrea', 'ER'),
(67, 'Estonia', 'EE'),
(68, 'Ethiopia', 'ET'),
(69, 'Falkland Islands', 'FK'),
(70, 'Faroe Islands', 'FO'),
(71, 'Fiji', 'FJ'),
(72, 'Finland', 'FI'),
(73, 'France', 'FR'),
(74, 'French Polynesia', 'PF'),
(75, 'Gabon', 'GA'),
(76, 'Gambia', 'GM'),
(77, 'Georgia', 'GE'),
(78, 'Germany', 'DE'),
(79, 'Ghana', 'GH'),
(80, 'Gibraltar', 'GI'),
(81, 'Greece', 'GR'),
(82, 'Greenland', 'GL'),
(83, 'Grenada', 'GD'),
(84, 'Guam', 'GU'),
(85, 'Guatemala', 'GT'),
(86, 'Guernsey', 'GG'),
(87, 'Guinea', 'GN'),
(88, 'Guinea-Bissau', 'GW'),
(89, 'Guyana', 'GY'),
(90, 'Haiti', 'HT'),
(91, 'Honduras', 'HN'),
(92, 'Hong Kong', 'HK'),
(93, 'Hungary', 'HU'),
(94, 'Iceland', 'IS'),
(95, 'India', 'IN'),
(96, 'Indonesia', 'ID'),
(97, 'Iran', 'IR'),
(98, 'Iraq', 'IQ'),
(99, 'Ireland', 'IE'),
(100, 'Isle of Man', 'IM'),
(101, 'Israel', 'IL'),
(102, 'Italy', 'IT'),
(103, 'Ivory Coast', 'CI'),
(104, 'Jamaica', 'JM'),
(105, 'Japan', 'JP'),
(106, 'Jersey', 'JE'),
(107, 'Jordan', 'JO'),
(108, 'Kazakhstan', 'KZ'),
(109, 'Kenya', 'KE'),
(110, 'Kiribati', 'KI'),
(111, 'Kosovo', 'XK'),
(112, 'Kuwait', 'KW'),
(113, 'Kyrgyzstan', 'KG'),
(114, 'Laos', 'LA'),
(115, 'Latvia', 'LV'),
(116, 'Lebanon', 'LB'),
(117, 'Lesotho', 'LS'),
(118, 'Liberia', 'LR'),
(119, 'Libya', 'LY'),
(120, 'Liechtenstein', 'LI'),
(121, 'Lithuania', 'LT'),
(122, 'Luxembourg', 'LU'),
(123, 'Macau', 'MO'),
(124, 'Macedonia', 'MK'),
(125, 'Madagascar', 'MG'),
(126, 'Malawi', 'MW'),
(127, 'Malaysia', 'MY'),
(128, 'Maldives', 'MV'),
(129, 'Mali', 'ML'),
(130, 'Malta', 'MT'),
(131, 'Marshall Islands', 'MH'),
(132, 'Mauritania', 'MR'),
(133, 'Mauritius', 'MU'),
(134, 'Mayotte', 'YT'),
(135, 'Mexico', 'MX'),
(136, 'Micronesia', 'FM'),
(137, 'Moldova', 'MD'),
(138, 'Monaco', 'MC'),
(139, 'Mongolia', 'MN'),
(140, 'Montenegro', 'ME'),
(141, 'Montserrat', 'MS'),
(142, 'Morocco', 'MA'),
(143, 'Mozambique', 'MZ'),
(144, 'Myanmar', 'MM'),
(145, 'Namibia', 'NA'),
(146, 'Nauru', 'NR'),
(147, 'Nepal', 'NP'),
(148, 'Netherlands', 'NL'),
(149, 'Netherlands Antilles', 'AN'),
(150, 'New Caledonia', 'NC'),
(151, 'New Zealand', 'NZ'),
(152, 'Nicaragua', 'NI'),
(153, 'Niger', 'NE'),
(154, 'Nigeria', 'NG'),
(155, 'Niue', 'NU'),
(156, 'North Korea', 'KP'),
(157, 'Northern Mariana Islands', 'MP'),
(158, 'Norway', 'NO'),
(159, 'Oman', 'OM'),
(160, 'Pakistan', 'PK'),
(161, 'Palau', 'PW'),
(162, 'Palestine', 'PS'),
(163, 'Panama', 'PA'),
(164, 'Papua New Guinea', 'PG'),
(165, 'Paraguay', 'PY'),
(166, 'Peru', 'PE'),
(167, 'Philippines', 'PH'),
(168, 'Pitcairn', 'PN'),
(169, 'Poland', 'PL'),
(170, 'Portugal', 'PT'),
(171, 'Puerto Rico', 'PR'),
(172, 'Qatar', 'QA'),
(173, 'Republic of the Congo', 'CG'),
(174, 'Reunion', 'RE'),
(175, 'Romania', 'RO'),
(176, 'Russia', 'RU'),
(177, 'Rwanda', 'RW'),
(178, 'Saint Barthelemy', 'BL'),
(179, 'Saint Helena', 'SH'),
(180, 'Saint Kitts and Nevis', 'KN'),
(181, 'Saint Lucia', 'LC'),
(182, 'Saint Martin', 'MF'),
(183, 'Saint Pierre and Miquelon', 'PM'),
(184, 'Saint Vincent and the Grenadines', 'VC'),
(185, 'Samoa', 'WS'),
(186, 'San Marino', 'SM'),
(187, 'Sao Tome and Principe', 'ST'),
(188, 'Saudi Arabia', 'SA'),
(189, 'Senegal', 'SN'),
(190, 'Serbia', 'RS'),
(191, 'Seychelles', 'SC'),
(192, 'Sierra Leone', 'SL'),
(193, 'Singapore', 'SG'),
(194, 'Sint Maarten', 'SX'),
(195, 'Slovakia', 'SK'),
(196, 'Slovenia', 'SI'),
(197, 'Solomon Islands', 'SB'),
(198, 'Somalia', 'SO'),
(199, 'South Africa', 'ZA'),
(200, 'South Korea', 'KR'),
(201, 'South Sudan', 'SS'),
(202, 'Spain', 'ES'),
(203, 'Sri Lanka', 'LK'),
(204, 'Sudan', 'SD'),
(205, 'Suriname', 'SR'),
(206, 'Svalbard and Jan Mayen', 'SJ'),
(207, 'Swaziland', 'SZ'),
(208, 'Sweden', 'SE'),
(209, 'Switzerland', 'CH'),
(210, 'Syria', 'SY'),
(211, 'Taiwan', 'TW'),
(212, 'Tajikistan', 'TJ'),
(213, 'Tanzania', 'TZ'),
(214, 'Thailand', 'TH'),
(215, 'Togo', 'TG'),
(216, 'Tokelau', 'TK'),
(217, 'Trinidad and Tobago', 'TT'),
(218, 'Tunisia', 'TN'),
(219, 'Turkey', 'TR'),
(220, 'Turkmenistan', 'TM'),
(221, 'Turks and Caicos Islands', 'TC'),
(222, 'Tuvalu', 'TV'),
(223, 'U.S. Virgin Islands', 'VI'),
(224, 'Uganda', 'UG'),
(225, 'Ukraine', 'UA'),
(226, 'United Arab Emirates', 'AE'),
(227, 'United Kingdom', 'GB'),
(228, 'United States', 'US'),
(229, 'Uruguay', 'UY'),
(230, 'Uzbekistan', 'UZ'),
(231, 'Vanuatu', 'VU'),
(232, 'Vatican', 'VA'),
(233, 'Venezuela', 'VE'),
(234, 'Vietnam', 'VN'),
(235, 'Wallis and Futuna', 'WF'),
(236, 'Western Sahara', 'EH'),
(237, 'Yemen', 'YE'),
(238, 'Zambia', 'ZM'),
(239, 'Zimbabwe', 'ZW');

-- --------------------------------------------------------

--
-- Table structure for table `currency_rates`
--

CREATE TABLE `currency_rates` (
  `id` int(11) NOT NULL,
  `usd_rate` decimal(8,6) NOT NULL,
  `api_date` datetime NOT NULL
) ENGINE=InnoDB DEFAULT CHARSET=latin1;

--
-- Dumping data for table `currency_rates`
--

INSERT INTO `currency_rates` (`id`, `usd_rate`, `api_date`) VALUES
(1, '52.470113', '2019-02-04 16:51:16');

-- --------------------------------------------------------

--
-- Table structure for table `customers`
--

CREATE TABLE `customers` (
  `id` int(11) NOT NULL,
  `customer_id` int(11) NOT NULL,
  `address` varchar(255) NOT NULL,
  `customer_name` varchar(255) NOT NULL,
  `customer_status` int(2) NOT NULL,
  `tel_no` varchar(50) NOT NULL,
  `mobile_number` varchar(50) NOT NULL,
  `distributor_tag` char(1) NOT NULL,
  `online_tag` char(1) NOT NULL,
  `country` varchar(10) NOT NULL,
  `zipcode` varchar(10) NOT NULL,
  `firstname` varchar(50) NOT NULL,
  `middlename` varchar(50) NOT NULL,
  `lastname` varchar(50) NOT NULL,
  `email_user` varchar(100) NOT NULL,
  `delivery_address` varchar(255) NOT NULL,
  `distributor_id` int(11) NOT NULL
) ENGINE=InnoDB DEFAULT CHARSET=latin1;

-- --------------------------------------------------------

--
-- Table structure for table `distributors`
--

CREATE TABLE `distributors` (
  `id` int(11) NOT NULL,
  `distributor_id` int(11) NOT NULL,
  `distributor_code` varchar(20) NOT NULL,
  `last_name` varchar(50) NOT NULL,
  `first_name` varchar(50) NOT NULL,
  `middle_name` varchar(50) NOT NULL,
  `nickname` varchar(50) NOT NULL,
  `date_joined` datetime NOT NULL,
  `distributor_address` varchar(255) NOT NULL,
  `location_id` int(11) NOT NULL,
  `email` varchar(100) NOT NULL,
  `distributor_level_id` int(11) NOT NULL,
  `birthdate` date NOT NULL,
  `residence_telephone` varchar(50) NOT NULL,
  `office_telephone` varchar(50) NOT NULL,
  `mobile_number` varchar(50) NOT NULL,
  `tin` varchar(50) NOT NULL,
  `subteam_id` int(11) NOT NULL,
  `sponsor_id` int(11) NOT NULL,
  `customer_id` int(11) NOT NULL,
  `mobile_number2` varchar(50) NOT NULL
) ENGINE=InnoDB DEFAULT CHARSET=latin1;

--
-- Dumping data for table `distributors`
--

INSERT INTO `distributors` (`id`, `distributor_id`, `distributor_code`, `last_name`, `first_name`, `middle_name`, `nickname`, `date_joined`, `distributor_address`, `location_id`, `email`, `distributor_level_id`, `birthdate`, `residence_telephone`, `office_telephone`, `mobile_number`, `tin`, `subteam_id`, `sponsor_id`, `customer_id`, `mobile_number2`) VALUES
(1, 26395, 'VIRROA191267', 'OCUPIO', 'AMERSON', 'GIERZA', '', '2019-02-07 17:00:21', 'TERESA, RIZAL', 114, '', 1, '1993-03-15', '', '', '09454801038', '', 10, 18005, 32777, ''),
(2, 26372, 'COLVSO192656', 'SANTOS', 'OLIVIA', 'CABACUNGAW', 'OLIVE', '2019-02-04 10:57:24', '13 LAZARO ST. BRGY. STO. NIÑO, MARIKINA CITY', 28, 'olivesantos1970@gmail.com', 1, '1970-04-26', '', '', '09167909177', '', 7, 25854, 32719, ''),
(3, 5124, 'L01LP32701  ', 'LAYUGAN', 'LEIZEL', 'P', 'ZEL', '2008-01-21 20:00:00', 'CHESTNUT ST, BLK 12 LOT 6 CABARUAN CAUAYAN CITY', 112, '', 4, '1971-05-31', '', '', '09063907256', '', 17, 5121, 5124, ''),
(4, 25639, 'VIRRCL181133', 'CADOTDOT', 'MARIA LOURDES', 'GUIMBA', 'MALOU', '2018-10-16 12:04:39', 'POBLACION 1, GERONA TARLAC', 114, 'glourdz@yahoo.com', 4, '1974-02-11', '', '', '09296583407', '', 10, 17940, 31542, ''),
(5, 26226, 'PMEACA190293', 'CABAÑERO', 'ARLENE', 'LAGUDAS', 'NHENG', '2019-01-12 15:41:57', 'MABUHAY, GENERAL SANTOS', 116, '', 2, '1977-06-12', '', '', '', '', 34, 25214, 32483, ''),
(6, 26249, 'VIRRSR191220', 'SANTOS', 'ROWENA', 'ALBAÑA', 'NHING', '2019-01-17 11:36:46', '023 SUMMERVILLE, BRGY. MAYAMOT, ANTIPOLO CITY', 114, '', 1, '1970-09-05', '', '', '09093100938', '', 10, 20165, 32522, ''),
(7, 24852, 'PMEASL180082', 'SINOY', 'LILIAN', 'CABRADILLA', 'LIAN', '2018-05-14 12:14:35', '055 EARTH ST. VILLA CONSUELO SUBD. GEN, SANTOS CITY', 116, 'lilian_sinoy2000@yahoo.com', 3, '1967-12-08', '5547205', '', '09214658387', '', 34, 24733, 30155, '09219402208'),
(8, 26180, 'PMEAGW190286', 'GENDENG', 'MYNAIM', 'MOHAMAD', '', '2019-01-07 21:35:03', 'VILLA ZALEA MA-A, DAVAO CITY', 116, '', 1, '1920-01-01', '', '', '', '', 34, 23089, 32400, ''),
(9, 26349, 'VIRRBM191258', 'BAGSINGET', 'MARIA LINA', 'O.', 'LINA', '2019-01-26 19:36:31', '318 PUROK 4 EAST UPPER GIBRALTAR ROAD BAGUIO CITY', 114, '', 2, '1975-05-19', '', '', '', '', 10, 10640, 32682, ''),
(10, 16170, 'COLVGM140144', 'GARCIA', 'MILA', 'ROBLES', 'MILA', '2014-12-17 00:00:00', 'B24 L58 SCHILLING ST. LORES COUNTRY HOMES,\r\nANTIPOLO CITY', 104, 'milarobles@yahoo.com', 3, '1941-12-19', '9192416', '', '09293995866', '', 28, 10776, 16347, ''),
(11, 26203, 'VIRRGA191199', 'GO', 'ALMA', 'A.', '', '2019-01-10 18:24:11', '', 114, '', 1, '1920-01-01', '', '', '', '', 10, 17940, 32441, ''),
(12, 26326, 'COLVOT192653', 'OCADO', 'TITA', 'MALLARI', 'TITA', '2019-01-26 14:40:12', 'B6 L5 PH1 VILLA SAN ISIDRO RODRIGUEZ, RIZAL', 28, '', 2, '1982-10-27', '', '', '09303731683', '240-797-338', 7, 26186, 32645, ''),
(13, 25854, 'COLVRG182576', 'RANAS', 'GESILYN', 'SAMPIANO', 'GESSIE', '2018-11-13 13:36:02', 'G - 212 CORRENTO OASIS C. RAYMUNDO ROSARIO, PASIG CITY', 28, 'gessie.ranas@yahoo.com', 2, '1974-03-06', '', '', '09174985023', '', 7, 734, 31851, ''),
(14, 26000, 'PLSUGR181383', 'GONZALES', 'ROBERTO', 'MANTO', 'ROBERT', '2018-12-01 13:51:12', '19 RAJAH SOLIMAN ST. PARANG MARIKINA CITY', 108, '', 1, '1959-07-27', '9194219', '', '09568498518', '', 12, 24582, 32051, ''),
(15, 26100, 'RYQNLR180081', 'LAURON', 'REGINO', 'BELLONES', 'REGIE', '2018-12-19 19:38:44', 'LEGISLATIVE OFFICE COA, 2ND FLOOR CAPITOL SITE, CEBU CITY', 71, '', 2, '1954-09-07', '', '', '', '', 36, 26022, 32275, ''),
(16, 26077, 'VIRRER181184', 'ESTRELLA', 'RALPH JUDE', 'ALBERTO', '', '2018-12-13 16:16:54', 'BLOCK 7, LOT 19 ANTHURIUM ST., LORES SUBD., ANTIPOLO CITY', 114, '', 1, '1994-10-19', '', '', '', '', 10, 26071, 32221, ''),
(17, 26057, 'JWDIBM180650', 'BAISA', 'MARY ANN', 'GOPEZ', 'ANN', '2018-12-07 20:44:30', '29 PUROK 6 JULIANA SUBD. CITY OF PAMPANGA CITY', 107, '', 2, '1974-02-04', '', '', '09950176598', '', 5, 12343, 32128, ''),
(18, 26306, 'VIRRMM191244', 'MENDIOLA', 'MARILYN', '', '', '2019-01-24 15:11:02', '', 114, '', 1, '1920-01-01', '', '', '', '', 10, 17940, 32618, ''),
(19, 18005, 'VIRRAN150105', 'ABRENICA', 'NERI', '', '', '2015-08-31 17:16:54', '', 114, '', 4, '1920-01-01', '', '', '09175519009', '', 10, 17940, 18969, ''),
(20, 26269, 'VIRRIR191225', 'INGUIDO', 'RONNEL', '', '', '2019-01-11 17:13:03', '', 114, '', 1, '1920-01-01', '', '', '', '', 10, 17940, 32556, ''),
(21, 26229, 'TZOMGR190032', 'GALOLO', 'RACHEL', 'ALINDAYU', 'CHENG', '2019-01-12 17:04:42', '', 112, 'galolorachel@yahoo.com', 1, '1980-06-16', '', '', '09175046151', '', 17, 14947, 32487, ''),
(22, 26206, 'VIRRAJ191200', 'ALCARAZ', 'JULIUS', '', '', '2019-01-10 15:32:57', '', 114, '', 1, '1920-01-01', '', '', '', '', 10, 17940, 32460, ''),
(23, 5121, 'G01MD56101  ', 'GONZALES', 'MICHELLE JOY', 'D', 'MICHELLE', '2008-01-14 20:00:00', '#26 ROXAS ST., COR. DALUPANG ST CAUAYAN CITY', 112, '', 7, '1975-02-17', '', '', '09178746724', '', 17, 12902, 5121, ''),
(24, 25350, 'ZOTABY180712', 'BAUTISTA', 'YOLANDA', 'ANDRIN', 'YOLLY', '2018-08-25 18:37:04', 'MALAD CALAPAN CITY ORIENTAL MINDORO', 45, '', 2, '1968-07-29', '', '', '09464060435', '', 8, 24715, 30997, ''),
(25, 26014, 'RYQNMR180063', 'MAURO', 'ROEL', 'LACNASON', 'WEL', '2018-12-01 15:44:32', '33 CLARITA VILLAGE PUNTA PRINSESA CEBU CITY', 71, '', 2, '1964-03-05', '414-3484', '', '09338614987', '', 36, 25569, 32067, ''),
(26, 26037, 'ZOTAOH180819', 'ORTIZ', 'HILARIA', 'L.', 'ELY', '2018-12-05 20:30:49', '1161 JUANA OSMEÑA EXT, CAPITOL', 45, '', 2, '1957-02-18', '253-0024', '', '09239234989', '', 8, 25294, 32099, ''),
(27, 26369, 'RYQNEA190102', 'EUFINADO', 'ALMA', '', '', '2019-01-28 21:22:44', '', 79, '', 1, '1968-09-12', '', '', '', '', 36, 26368, 32716, ''),
(28, 26060, 'RYQNAV180070', 'ABOYME', 'VICENTA', 'GARCIA', 'CES', '2018-12-08 11:32:28', 'ALIG IPI HOUSING, TALAMBAN, CEBU CITY', 71, 'cesaboyme@yahoo.com', 2, '1967-10-27', '415-9255', '', '09176209921', '108-369-997', 36, 25884, 32139, ''),
(29, 26083, 'RYQNTE180076', 'TABARNO', 'ELIZARIE', 'MONDEJAR', 'CHARLIE', '2018-12-15 11:04:36', 'SITIO MAHAYAHAY BRGY. APAS, CEBU CITY', 71, '', 2, '1961-01-25', '', '', '09655037426', '', 36, 25884, 32238, ''),
(30, 22834, 'JWDIPM170515', 'PLEÑOS', 'MONA LIZA', '', 'MONA', '2017-08-07 18:46:37', 'B13 L8 GALLERA DE ORO SUBD.  DAVAO CITY', 116, 'monaliza_plenos@yahoo.com', 3, '1974-09-25', '', '', '09430429582', '918-839-210', 34, 22388, 26575, '09970856279'),
(31, 16259, 'ZOARCA140086', 'CALINGASAN', 'ANALITA', 'MACABUHAL', 'ANNIE', '2014-12-30 00:00:00', 'B3 L14 TIERRA NOVA ROYALE 4D BAGUMBONG ,\r\nCALOOCAN CITY', 45, 'annie_tolentino0713@yahoo.com', 5, '1972-07-13', '', '', '09178907570', '', 8, 16156, 16472, ''),
(32, 1354, 'H01LG59801  ', 'NANUD', 'LESTERLYN', 'HUBALDE', '', '2012-12-10 19:22:32', 'BASCO, BATANES ', 9, '', 3, '1984-09-14', '', '', '09999929918', '', 3, 6892, 1354, ''),
(33, 12343, 'F01LH51201  ', 'FIDEL', 'LORNA', 'H.', 'LORNA', '2013-06-22 17:36:33', '338 ZONE 2 SAN ISIDRO, BACOLOR PAMPANGA', 107, '', 4, '1963-03-14', '', '', '09273039609', '', 5, 12276, 12343, '09214334715'),
(34, 26123, 'ZOTACB180839', 'CLAVERIA', 'BRENDA', 'A', '', '2018-12-22 12:46:53', 'MANAGPI, CALAPAN CITY', 45, '', 2, '1920-01-01', '', '', '', '', 8, 23433, 32314, ''),
(35, 19313, 'VIRRCF160190', 'CHOI', 'FELICISIMA', 'VARIAS', 'FELY', '2016-04-22 17:00:49', 'LORES EXECUTIVE, ANTIPOLO CITY', 114, '', 2, '1959-01-05', '', '', '09178812060', '', 10, 19093, 21138, ''),
(36, 26103, 'PLSUCM181386', 'CUNAN', 'MYRLIANA JESETTE', 'LUCAS', 'MJ', '2018-12-21 09:10:38', '595 STO. NIÑO, PLARIDEL, BULACAN', 108, '', 1, '2000-08-14', '', '', '09050755716', '', 12, 9078, 32288, ''),
(37, 26080, 'RYQNTA180074', 'TEDERA', 'ADELA', '', 'ADEL', '2018-12-14 16:05:30', 'VALENCIA, BUKIDNON', 79, '', 1, '1965-11-23', '', '', '09365862242', '', 36, 25969, 32216, ''),
(38, 26409, 'RYQNCM190118', 'CUAS', 'MARIA CORAZON', '', '', '2019-02-16 17:37:55', '', 71, '', 2, '1920-01-01', '', '', '', '', 36, 25570, 32790, ''),
(39, 26017, 'COLVAF182617', 'AMADOR', 'FE', 'OPRIASA', 'FE', '2018-12-01 17:28:36', 'BLOCK 86, LOT 47, MAK ST. PHASE 8, NORTH FAIRVIEW', 113, '', 2, '1957-12-17', '418-4226', '', '09275339611', '', 7, 8841, 32070, ''),
(40, 26166, 'PMEACD190272', 'CANE', 'DENNIS', 'PIQUERO', '', '2019-01-07 21:12:32', 'P - 35 MAHARLIKA VILLAGE, MA-A DAVAO CITY', 116, '', 1, '1920-01-01', '', '', '', '', 34, 23089, 32381, ''),
(41, 26040, 'COLVRO182623', 'RAMOS', 'OLYMPIA', 'HERNANDEZ', 'ELLEN', '2018-12-07 16:27:30', 'BLK 31 LOT 38 GREENGATE HOMES SUBD PHASE 2 MALAGASANG IMUS CAVITE', 113, '', 2, '1957-12-17', '', '', '09158470441', '', 7, 17678, 32106, ''),
(42, 20398, 'COLVVL161046', 'VILLANUEVA', 'LETICIA', 'FLORES', 'AMORE', '2016-09-27 13:56:35', 'BRGY LUCIANO TRECE MARTIREZ CITY, CAVITE', 72, 'lettyamorevillanueva@yahoo.com', 10, '1942-07-20', '046-9190838', '', '09159585998', '191030406003', 7, 19703, 22758, ''),
(43, 26140, 'RYQNAA180083', 'ABLIG', 'ANGELA MAE', 'BUTIAL', 'ANGEL', '2018-12-27 11:20:48', 'SABANG 2, ALLEN SAMAR', 71, '', 1, '2002-12-21', '', '', '09394660595', '', 36, 26021, 32340, ''),
(44, 26389, 'VIRRPL191262', 'PEÑA', 'LEONIDA', 'VICTORIA', 'NIDA', '2019-02-07 19:15:21', '170 C LAWIS EXT. BRGY. SAN ISIDRO, ANTIPOLO CITY', 114, '', 1, '1954-04-11', '', '', '09279296481', '', 10, 20165, 32780, ''),
(45, 26186, 'COLVML192631', 'MARAVILLA', 'LUZVIMINDA', 'DIVINO', 'LUZ', '2019-01-09 12:53:51', '347 ATTURA EXTENSION, STA. MESA MANILA', 28, '', 3, '1967-12-26', '', '', '09393524805', '', 7, 11841, 32410, ''),
(46, 26332, 'ZOTACZ190863', 'CANTOS', 'ZENY', 'DE JESUS', 'TANY', '2019-01-26 12:59:35', '116 DUHAT ST., LALUD, CALAPAN CITY', 45, '', 3, '1967-05-18', '288-2318', '', '09281756643', '', 8, 25080, 32653, ''),
(47, 24620, 'VIRRSG181009', 'SARMIENTO', 'GLODIESTELA', 'SALAS', 'GLODY', '2018-04-12 12:15:04', 'PAGASA BINANGONAN, RIZAL 1940', 114, 'emergold8@yahoo.com.ph', 3, '1958-08-03', '2089412', '4004069', '09189021773', '152280000', 10, 18829, 29752, ''),
(48, 26243, 'ZOTAEA190861', 'ESPERANZA', 'ANA LIZA', 'CORNELIO', 'LIZA', '2019-01-14 16:54:31', '', 45, 'eanaliza4@gmail.com', 2, '1968-07-12', '', '', '09474421895', '', 8, 16806, 32510, ''),
(49, 26286, 'COLVCM192639', 'CARACUT', 'MARY ANN', '', '', '2019-01-22 21:03:29', '2658 F MUNOZ ST., MALATE MANILA', 113, '', 1, '1920-01-01', '', '', '', '', 7, 25404, 32593, ''),
(50, 26435, 'RYQNLA190120', 'LAGAT', 'AIDA', 'ONOD', '', '2019-02-25 12:00:14', 'P5 SAN JOSE UBMA BUKIDNO', 79, '', 2, '1920-01-01', '', '', '09051588294', '', 36, 25690, 32836, ''),
(51, 25994, 'RYQNCR180057', 'CUMPIO', 'RIZZA', 'RENOMERON', 'RIZ', '2018-11-29 09:02:20', 'PHASE 2, BLOCK 2, LOT 18 ST., SCHOLASTICA SUBD., GUINDAPUNAN, PALO, LEYTE', 71, '', 3, '1969-06-02', '', '', '09264369132', '', 36, 25570, 32040, ''),
(52, 26289, 'COLVBE192642', 'BASIO', 'ERLINDA', '', '', '2019-01-22 21:07:57', 'BLK 1, LOT 2 CRISANTIMUM ST., GREEN MEADOWS SUBD., DAVAO CITY', 113, '', 1, '1920-01-01', '', '', '', '', 7, 25404, 32596, ''),
(53, 19316, 'VIRRRP160193', 'RAQUIZA', 'PATRICIA', 'SANTOS', '', '2016-04-22 17:10:33', 'LOT 9 BLOCK 17 JASMIN ST. PRIMROSE HILL SUBDIVISION, ANGONO RIZAL', 114, '', 4, '1951-03-13', '5459396', '', '09163056031', '', 10, 17940, 21141, '09327099411'),
(54, 26312, 'VIRRPL191250', 'PALINSAD', 'LOTO', '', '', '2019-01-24 15:27:34', '', 114, '', 1, '1920-01-01', '', '', '', '', 10, 17940, 32624, ''),
(55, 26432, 'VIRRTE191270', 'TOLENTINO', 'ELVIE', 'FIGURA', '', '2019-02-19 22:23:33', 'KINGSVILLE SUBD., ANTIPOLO CITY', 114, '', 1, '1969-02-15', '', '', '', '', 10, 26391, 32828, ''),
(56, 22831, 'ZOTAME170216', 'MANALO', 'EVELYN', 'MORENO', 'VELYN', '2017-08-05 11:27:00', 'NAUJAN ORIENTAL MINDORO', 45, '', 3, '1962-12-06', '', '', '09294895492', '', 8, 16259, 26550, ''),
(57, 26163, 'PMEADB190269', 'DAANOY', 'BABYLYN', 'DAGOHOY', 'LAN - LAN', '2019-01-07 21:10:33', 'LEDESMA, TACURONG, SULTAN KUDARAT', 116, 'babylyndaanoy@gmail.com', 1, '1975-05-04', '', '', '09268968630', '917-660-977', 34, 23089, 32378, ''),
(58, 24205, 'ZOTARP180563', 'RAYOS', 'PRISCILLA', '', '', '2018-01-20 21:55:31', '', 45, '', 3, '1920-01-01', '', '', '09273375216', '', 8, 23010, 28976, ''),
(59, 25722, 'COLVDL182529', 'DELA CRUZ', 'LUZ', 'PAPANGO', 'LUZ', '2018-10-26 11:23:45', 'BLK 3, LOT 33, BRGY. PANTALEON GRANADOS, GEN. MARIANO ALVAREZ CAVITE', 72, '', 2, '1961-05-23', '', '', '09300050999', '', 7, 24058, 31649, ''),
(60, 26120, 'ZOTAAF180836', 'AGONCILLO', 'FAUJIA', 'BERMUNDO', 'FUJI', '2018-12-22 12:46:41', 'BABANGONAN, VICTORIA, ORIENTAL MINDORO', 45, 'fayemigz1027@gmail.com', 2, '1991-01-10', '', '', '09364596929', '', 8, 23010, 32311, ''),
(61, 26020, 'RYQNGA180064', 'GUEVARRA', 'ARCELIE', 'MAHINAY', 'CELIE', '2018-12-02 19:33:23', 'BURABOD, SAN ANTONIO, NORTHERN SAMAR', 71, '', 2, '1949-04-15', '', '', '09219921633', '', 36, 25852, 32076, ''),
(62, 26263, 'COMKYL190259', 'YAP', 'LYDIA', 'BACARRO', '', '2019-01-19 11:18:01', 'PUROK 5 ZONE 2 SITIO SILIHAN, MAHABANG PARANG, ANGONO RIZAL', 104, '', 2, '1966-10-25', '', '', '', '', 28, 25906, 32548, ''),
(63, 26412, 'COMKAM190265', 'ANDRADA', 'MARIA THERESA', 'CAPULONG', 'TERE', '2019-02-16 17:36:12', '62 SAN ROQUE ST. TERESA, RIZAL', 104, '', 2, '1972-08-23', '', '', '09054204263', '', 28, 25588, 32792, ''),
(64, 26183, 'PMEAEL190289', 'EBONA', 'LEA', 'CALUBAD', 'INDAY', '2019-01-07 17:21:06', 'LOT 3 Y U VILLAGE, APOPONG, GENERAL SANTOS CITY', 116, '', 1, '1961-03-28', '', '', '', '', 34, 24731, 32491, ''),
(65, 26160, 'PMEAPN190266', 'PECONCILLO', 'NELIDA', 'JORDAN', 'NENE', '2019-01-07 21:15:05', 'PUROK 3 RIYAH MUDA BULA, GENERAL SANTOS CITY', 116, '', 1, '1954-08-18', '', '', '09275285645', '931-027-929', 34, 23089, 32385, ''),
(66, 26352, 'PMEANA190306', 'NAMOC', 'ANN MARIE', '', '', '2019-01-31 13:32:53', '', 116, '', 2, '1920-01-01', '', '', '', '', 34, 25017, 32687, ''),
(67, 16156, 'ZOARIA140070', 'INGKIG', 'ARACELI', 'C.', '', '2014-12-16 00:00:00', '667 OBSUNA STREET, SALUYSOY, MEYCAUAYAN, BULACAN', 45, '', 4, '1958-09-11', '09431345588', '', '09955637148', '', 8, 18917, 16439, ''),
(68, 26329, 'RYQNRM190091', 'RIVAS', 'MARILYN', 'COMPRA', 'MARIBEL', '2019-01-26 11:40:15', 'BRIZA CONSOLACION, CEBU', 71, '', 2, '1966-11-29', '', '', '09236833740', '', 36, 26240, 32648, ''),
(69, 26246, 'ZOLOOF190611', 'OXCIANO', 'FELICITAS', 'CRUZ', 'FELY', '2019-01-17 11:23:46', '6 PROVINCIAL RD., TUMANA, STA. MARIA BULACAN', 80, '', 2, '1960-11-20', '', '', '09296897956', '', 2, 15874, 32519, ''),
(70, 26392, 'VIRRCG191264', 'CUENCA', 'GIL', 'NICDAO', 'GIL', '2019-02-07 19:17:34', '9623 TAAL EXT. ST. LOS BANOS SUBD. BRGY. BATONG MALAKE LOS BANOS, LAGUNA', 114, '', 2, '1961-05-06', '', '', '09778294164', '', 10, 18005, 32782, ''),
(71, 26097, 'RYQNBC180078', 'BONITE', 'COMELEC', 'COLIS', 'MMELIC', '2018-12-19 14:47:37', 'D.A. COMPOUND M. VELEZ ST., GUADALUPE, CEBU CITY', 71, '', 2, '1967-11-15', '', '', '09330337075', '', 36, 25655, 32271, ''),
(72, 10640, 'M01EA18601  ', 'MORAGA', 'EDGARDO', 'A', 'EDGAR', '2008-04-26 12:56:36', '#26 P. FAUSTINO STREET PUNTURIN, VALENZUELA CITY', 114, 'edgaralejandrino@yahoo.com', 6, '1966-09-22', '', '', '09172717922', '199-037-605', 10, 10623, 10640, ''),
(73, 26223, 'JWDIMR190656', 'MENDOZA', 'ROMEO', 'HERRERA', 'ROMY', '2019-01-11 20:27:05', '30 1ST ST. SAN ISIDROMTUYA, MASANTOC, PAMPANGA', 107, 'romeomendoza11@yahoo.com', 2, '1969-08-11', '', '', '09057027929', '', 5, 26056, 32479, ''),
(74, 18194, 'PLSUBL150237', 'BONIFACIO', 'LILIBETH', 'CATAQUIZ', 'BETH', '2015-10-02 00:00:00', '7073 LANSONES ST, COMEMBO, MAKATI CITY', 108, '', 4, '1960-04-21', '2399094', '5270506', '09174232041', '122854919', 12, 177, 19255, ''),
(75, 26309, 'VIRRRN191247', 'REGENCIA', 'NIKKO', '', '', '2019-01-24 15:20:44', '', 114, '', 1, '1920-01-01', '', '', '', '', 10, 17940, 32621, ''),
(76, 26415, 'COMKOL190268', 'OCAMPO', 'LISETTE', 'BERNARDO', 'SET', '2019-02-16 17:51:52', 'BLK 24 LOT 57 SCHILLING ST. LORES SUBD., ANTIPOLO CITY', 104, '', 2, '1976-06-28', '', '', '09054264293', '', 28, 16170, 32797, ''),
(77, 17610, 'ZOARAG150326', 'ALCAUSE', 'GREGORIA', 'MIRANO', 'NENG', '2015-07-03 22:17:50', 'B10 L5 BABYLONIA ST., VILLA NOVA SUBD. NOVALICHES Q.C.', 45, 'greggyalcause@yahoo.com.ph', 4, '1961-11-28', '', '', '09174392440', '', 8, 16259, 18366, '09189071238'),
(78, 26266, 'VIRRAR191222', 'APOLINARIO', 'RENIE', '', '', '2019-01-11 17:06:21', '', 114, '', 1, '1920-01-01', '', '', '', '', 10, 17940, 32553, ''),
(79, 26441, 'RYQNGJ190125', 'GABULE', 'JAMES EARL', 'BARUEL', 'EARL', '2019-02-25 17:14:35', 'P-3A POBLACION VALENCIA CITY', 79, '', 1, '1920-01-01', '', '', '09177005261', '', 36, 25969, 32843, ''),
(80, 26418, 'ZOTABA190884', 'BALATERO', 'ANNALIZA', 'GEPOLLO', 'BETH', '2019-02-16 18:35:11', 'PUROK TAMBIS UMAPAD, MANDAUE CITY', 45, '', 2, '1974-05-28', '', '', '09172513973', '', 8, 26243, 32802, ''),
(81, 26046, 'COCHBE180017', 'BENIGAY', 'ELVIE', 'TEVES', 'VHIE', '2018-12-07 20:52:41', '', 104, '', 1, '1969-09-15', '', '', '09297831483', '', 15, 25679, 32134, ''),
(82, 26341, 'ZOTACA190872', 'CARREON', 'AMALIA', 'IGNACIO', 'AMY', '2019-01-26 11:40:55', 'SAN NARCISO, VICTORIA, ORIENTAL MINDORO', 45, '', 2, '1977-09-20', '', '', '09287662453', '', 8, 26122, 32665, ''),
(83, 26295, 'VIRRMR191233', 'MANGUERRA', 'ROSEMARIE', '', '', '2019-01-24 14:55:09', '', 114, '', 1, '1920-01-01', '', '', '', '', 10, 17940, 32607, ''),
(84, 26192, 'VIRRSL191189', 'SUMULONG', 'LIGAYA', 'I.', '', '2019-01-10 12:33:24', '', 114, '', 1, '1920-01-01', '', '', '', '', 10, 17940, 32422, ''),
(85, 26169, 'PMEAPM190275', 'PAMULAGAN', 'MARJORIE', 'SILACAN', '', '2019-01-07 21:19:42', 'RIVERA VILLAGE, BAJADA, DAVAO CITY', 116, '', 1, '1920-01-01', '', '', '', '', 34, 23089, 32393, ''),
(86, 26026, 'VIBMOB180436', 'ORTIZ', 'BERNARDINA', 'D.', '', '2018-12-04 20:10:23', '', 9, '', 1, '1920-01-01', '', '', '', '', 3, 17635, 32089, ''),
(87, 26049, 'COCHBE180020', 'BRACAMONTE', 'EMILIA', 'MUTYA', 'EMILY', '2018-12-07 20:35:54', 'UPPER NAZARENVILLE PRK 20 BRGY SAN ROQUE ANTIPOLO CITY', 104, '', 2, '1956-04-28', '', '', '09169978351', '', 15, 25877, 32124, ''),
(88, 26149, 'ZOTAEG190854', 'ESCOBIO', 'GAVINA', 'CASAO', 'GINA', '2019-01-07 16:55:01', 'MANAGPI, CALAPAN CITY', 45, '', 1, '1991-02-19', '', '', '', '', 8, 23433, 32368, ''),
(89, 26126, 'ZOTAMJ180842', 'MENDOZA', 'JULIE MAE', 'COBARRUBIAS', 'MAE', '2018-12-22 12:47:04', 'POBLACION 1, VICTORIA, ORIENTAL MINDORO', 45, 'cadie.mendoza@gmail.com', 2, '1987-07-21', '', '', '09178778766', '', 8, 25829, 32317, ''),
(90, 26318, 'VIRRCF191255', 'COCJIN', 'FELICIDAD', '', '', '2019-01-24 18:05:52', '', 114, '', 1, '1920-01-01', '', '', '', '', 10, 17940, 32630, ''),
(91, 25877, 'COCHGE180014', 'GLORIAL', 'EMELYN', 'T.', 'EMY', '2018-11-16 09:18:11', '', 104, '', 2, '1974-09-15', '', '', '09161111851', '', 15, 24560, 31875, ''),
(92, 24987, 'ZOLODM180554', 'DARILAY', 'MA. TERESA', 'GARCIA', 'THES', '2018-06-14 09:40:00', 'MABALASBALAS, AMANDA VILLAGE, SAN RAFAEL BULACAN', 80, '', 3, '1963-10-15', '', '', '09234742725', '', 2, 24990, 30411, ''),
(93, 25628, 'NTNTLR180002', 'LUY', 'ROSITA', 'CHUA', 'ROSE', '2018-10-12 11:47:56', 'CEBU CITY', 71, '', 6, '1946-09-12', '032 422 5963', '', '09173258111', '', 36, 25555, 31517, ''),
(94, 25279, 'ZOTACF180689', 'CLEOFE', 'FLORELYN', 'MONTOYA', 'FLOR', '2018-08-13 11:37:09', 'BRGY. SALONG CALAPAN CITY, ORIENTAL MINDORO', 45, '', 3, '1979-05-05', '', '', '09056017864', '', 8, 25242, 30885, ''),
(95, 26361, 'ZOTAED190878', 'ENOPIA', 'DANILO', '', '', '2019-02-04 20:36:31', '', 45, '', 1, '1920-01-01', '', '', '', '', 8, 17610, 32703, ''),
(96, 26112, 'ZOTAML180828', 'MONTOYA', 'LOREN', 'PEREZ', 'KAY', '2018-12-22 12:46:11', 'BRGY. SALONG, CALAPAN CITY, ORIENTAL MINDORO', 45, '', 1, '1985-08-13', '', '', '09367258427', '', 8, 25279, 32303, ''),
(97, 12335, 'B01CC27901  ', 'BUENO', 'CARLYN', 'C.', 'NING', '2013-06-04 20:00:00', '255 CADENA DE AMOR GLORIA 2, SINDALAN, SAN FERNANDO, PAMPANGA', 107, '', 3, '1962-01-12', '09282687539', '', '09167135910', '', 5, 15074, 12335, ''),
(98, 26398, 'RYQNPC190112', 'PAGALAN', 'CHRISTINE', '', 'CHRISS', '2019-02-08 21:19:33', 'DULONG LIBERTAD MISAMIS ORIENTAL', 79, '', 1, '1989-12-26', '', '', '09354707449', '', 36, 26397, 32763, ''),
(99, 26421, 'ZOTASM190888', 'SAJUL', 'MILA', '', 'MILA', '2019-02-16 19:44:22', 'PAJO, CANUBING I CALAPAN CITY OR. MDO', 45, '', 1, '1953-02-09', '', '', '09085990316', '', 8, 23817, 32816, ''),
(100, 24778, 'ZOTAFJ180617', 'FERNANDEZ', 'JENNIFER', 'CASTANEDA', 'JENNY', '2018-05-05 15:44:50', '5/5/2018     583-H CJ QUEZON ST.,BRGY. TINAGO, CEBU CITY ', 45, '', 3, '1967-09-24', '5131587', '', '09209482651', '', 8, 16259, 30055, ''),
(101, 26275, 'PMEAJL190300', 'JOSUE', 'LUCENA', 'SAN PEDRO', 'LUCY', '2019-01-21 21:00:41', '', 116, '', 1, '1954-04-27', '', '', '09967531826', '', 34, 23091, 32566, ''),
(102, 26252, 'PLSUGJ191396', 'GALES', 'JENELYN', 'YROG - IROG', 'JEN', '2019-01-12 15:47:17', 'ILAYA, COT - COT, LILOAN, CEBU', 71, '', 1, '1996-01-03', '', '', '09071958349', '', 12, 24582, 32533, ''),
(103, 23089, 'JWRBSC170003', 'SANTIAGO', 'CHARITO', 'JORDAN', 'CHA', '2017-09-20 12:40:36', 'B2 L8 P1 WOODRIDGE PARK SUBD MA-A DAVAO CITY', 116, '', 10, '1968-07-14', '', '', '09209029700', '', 34, 22834, 27106, ''),
(104, 26292, 'COLVBM192645', 'BAROLA', 'MARISSA', 'OCTAVIANO', 'MARISS', '2019-01-24 14:38:28', '103 - B GAN BLDG, ORTIGAS PASIG', 28, '', 2, '1968-11-29', '866-0591', '', '', '', 7, 734, 32602, ''),
(105, 26189, 'VIRROC191186', 'ILON', 'CHARIE', 'G.', '', '2019-01-10 12:33:50', '', 114, '', 1, '1920-01-01', '', '', '', '', 10, 17940, 32425, ''),
(106, 24715, 'ZOTAME180600', 'MENDOZA', 'ELIZA', '', 'LIZA', '2018-04-21 16:33:23', 'CAMANSIHAN, CALAPAN CITY', 45, '', 2, '1969-10-21', '', '', '09208429697', '', 8, 23433, 29923, ''),
(107, 26338, 'ZOTAMM190869', 'MAUHAY', 'MERLIE', 'DE JESUS', 'MERLIE', '2019-01-26 11:33:53', 'LUMANGBAYAN, CALAPAN', 45, '', 1, '1965-07-14', '', '', '09184881525', '', 8, 26332, 32662, ''),
(108, 26146, 'ZOTAPJ190857', 'PADUADA', 'JULIETA', '', '', '2019-01-07 17:07:03', '', 45, '', 2, '1920-01-01', '', '', '', '', 8, 23433, 32371, ''),
(109, 367, 'B01MA73401  ', 'BAER', 'MYRA', 'A.', 'MY', '2012-07-23 20:00:00', '20-D RD. 3 1ST WEST CRAME SAN JUAN CITY', 99, '', 3, '1972-05-19', '', '', '09273113435', '', 14, 2779, 367, ''),
(110, 26335, 'ZOTAMJ190866', 'MORTEL', 'JOYCE', 'VILLENA', 'JOYCE', '2019-01-26 11:26:43', 'MONTE DE ORO HOMES PHASE 2', 45, '', 1, '1986-07-08', '', '', '09985804636', '', 8, 26333, 32659, ''),
(111, 26358, 'VIRRBV191261', 'BENEDICTO', 'VIRGINIA', 'GARCIA', '', '2019-02-02 11:43:26', 'PASIG CITY', 114, '', 1, '1975-09-25', '', '', '', '', 10, 26248, 32696, ''),
(112, 26401, 'COMKBM190263', 'BOFILL', 'MECCAELLA ICES', 'C', '', '2019-02-11 21:18:15', '113 P.O. LIVEROS ST. VILLA BIDANG SIDE ANTIPOLO CITY', 104, '', 1, '1999-06-02', '', '', '09306238180', '', 28, 25588, 32760, ''),
(113, 26272, 'VIRRLC191228', 'LOZANO', 'CIRILO', '', '', '2019-01-11 17:20:58', '', 114, '', 1, '1920-01-01', '', '', '', '', 10, 17940, 32559, ''),
(114, 25668, 'VIRRCA181139', 'CRUZ', 'ALLAN', 'DIAZ', '', '2018-10-18 12:46:00', '201 PUTOL ST., BULAC STA. MARIA, BULACAN', 114, '', 2, '1920-01-01', '', '', '09433436786', '', 10, 25651, 31580, ''),
(115, 26209, 'VIRRFA191203', 'FORONDA', 'ARNOLD', '', '', '2019-01-10 15:35:17', '', 114, '', 1, '1920-01-01', '', '', '', '', 10, 17940, 32461, ''),
(116, 26315, 'COLVZJ192647', 'ZAMORA', 'JOSEFINA', '', '', '2019-01-24 17:14:20', '', 28, '', 2, '1920-01-01', '', '', '', '', 7, 11841, 32627, ''),
(117, 26063, 'ZOTASF180823', 'SANCHEZ', 'FAUSTINO', '', '', '2018-12-10 17:47:50', '', 45, '', 1, '1920-01-01', '', '', '', '', 8, 25527, 32153, ''),
(118, 26086, 'COMKAE180240', 'ARELLANO', 'EVANGELINE', 'S.', 'VANGIE', '2018-12-15 16:33:38', 'ZONE 10, CIRCUMFERENCIAL ROAD, BRGY. SAN ROQUE, ANTIPOLO CITY', 104, '', 2, '1983-05-30', '', '', '09281505267', '', 28, 25588, 32252, ''),
(119, 26232, 'PMEAQR190295', 'QUIÑANOLA', 'RIZALINA', 'MAKILANG', 'BEBOT', '2019-01-14 11:25:20', 'JPMI SUBD., PUROK 49-A, MA-A, DAVAO CITY', 116, 'rizamquin@gmail.com', 3, '1962-10-02', '244-1509', '', '09282833444', '', 34, 24852, 32495, ''),
(120, 26132, 'COMKML180245', 'MAKATANGAY', 'LIGAYA', 'MORAL', '', '2018-12-28 17:16:06', 'RIVER SUBD SILANG CAVITE', 104, '', 1, '1920-01-01', '', '', '', '', 28, 19000, 32328, ''),
(121, 26255, 'COMKNM190251', 'NOLASCO', 'MA.EDNALYN', 'HIMZON', 'AYEE', '2019-01-19 10:45:08', 'BLOCK 6, LOT 12, CAMIA ST., STENIELVILLE SUBD., SAN ROQUE, ANTIPOLO CITY', 104, '', 1, '1981-09-10', '', '', '09193759578', '', 28, 17388, 32540, ''),
(122, 26278, 'PMEAAK190303', 'ARANETA', 'KATRINA LUISA', 'SANTIAGO', '', '2019-01-21 21:04:39', '25 T. MARTIGAN ST., BF HOMES PARAÑAQUE CITY', 116, 'katrina.luis@yahoo.com', 1, '1920-01-01', '825-9116', '', '09176246702', '', 34, 23091, 32569, ''),
(123, 26424, 'ZOTAMP190892', 'MAGNAYE', 'PERLA', 'ADEVA', 'PERLA', '2019-02-16 19:51:41', 'PAJO, CANUBING I CALAPAN CITY OR. MDO', 45, '', 1, '1959-09-16', '', '', '09666304530', '', 8, 23817, 32819, ''),
(124, 26378, 'RYQNRC190104', 'RONQUILLO', 'CARIDAD ROSINA', 'PIMENTEL', 'CARDIE', '2019-02-02 15:41:30', 'ARIZONA ST.NEWTOWN ESTATE, PARDO, CEBU CITY', 71, '', 1, '1968-04-21', '', '', '09177010405', '', 36, 26022, 32725, ''),
(125, 26381, 'RYQNBF190106', 'BOLANIO', 'FLORENCIO', '', '', '2019-02-05 16:51:56', '', 79, '', 1, '1920-01-01', '', '', '', '', 36, 25972, 32731, ''),
(126, 25983, 'ZOLOMD180604', 'MARIANO', 'DONATA', 'CERVANTES', '', '2018-11-27 17:37:41', '401 LUCIADA BOSTON BULACAN', 80, '', 2, '1920-01-01', '', '', '09061843643', '', 2, 25268, 32027, ''),
(127, 26006, 'COLVMI182609', 'MAYON', 'ISMAEL', 'FERRER', 'MALE', '2018-12-01 15:07:42', 'CALOOCAN CITY', 113, '', 2, '1946-05-26', '', '', '', '', 7, 8841, 32063, ''),
(128, 26212, 'VIRRAA191206', 'ALEJAR', 'ALFREDO', '', '', '2019-01-10 15:37:52', '', 114, '', 1, '1920-01-01', '', '', '', '', 10, 17940, 32464, ''),
(129, 26355, 'PMEAPR190309', 'PASCO', 'RUBY', '', '', '2019-01-31 13:40:57', '', 116, '', 2, '1920-01-01', '', '', '', '', 34, 25214, 32690, ''),
(130, 11811, 'A01NV62901  ', 'ACOBA', 'NOEL', 'V.', 'NOEL', '2014-04-03 15:39:13', '245 GEN. LUIS ST. NOVALICHES PROPER NOVALICHESQUEZON CITY', 113, '', 6, '1965-12-30', '9366728', '', '09177905517', '', 7, 13252, 11811, ''),
(131, 26298, 'VIRRTR191236', 'TISDALE', 'RICHARD', '', '', '2019-01-24 15:02:50', '', 114, '', 1, '1920-01-01', '', '', '', '', 10, 17940, 32610, ''),
(132, 26106, 'COLVTE182625', 'TAN', 'ESPERANZA', 'BALTERZAN', 'ESPE', '2018-12-21 09:03:46', '', 72, '', 2, '1963-09-20', '', '', '09342934281', '', 7, 22177, 32284, ''),
(133, 25588, 'COMKCR180211', 'CARAUSOS', 'RUBY', 'OCALEÑA', 'BENG', '2018-10-13 14:38:25', '113 P.O LIVEROS ST. ANTIPOLO CITY', 104, '', 3, '1977-12-22', '', '', '09463633863', '', 28, 10807, 31432, ''),
(134, 26129, 'ZOTAAR180845', 'ALVAREZ', 'ROSALINE', 'MENDOZA', 'LYN', '2018-12-22 12:47:17', 'BARUVAN, CALAPAN CITY', 45, '', 2, '1973-10-07', '', '', '09171167304', '', 8, 25242, 32320, ''),
(135, 26375, 'VIFRDD190263', 'DE MESA', 'DIVINA', 'LOZARES', 'DIVINE', '2019-02-05 11:38:02', 'H 279 SAN ANTONIO SUBD., BRGY. STA. CLARA, GEN TRIAS, CAVITE', 72, '', 1, '1966-10-13', '484-1833', '', '09267773889', '', 4, 24752, 32722, ''),
(136, 26152, 'PMEAJL190258', 'JORDAN', 'LUZVIMINDA', 'PADRONES', 'BEBENG', '2019-01-07 21:18:10', 'BRGY D LEDESMA, TACURONG CITY, SULTAN KUDARAT', 116, '', 1, '1956-01-14', '', '', '09354866363', '', 34, 23089, 32390, ''),
(137, 26235, 'PLSUNA191392', 'NARCA', 'AMORDINA', 'SOSAS', 'AMOR', '2019-01-12 15:30:25', '233 - A DELOS REYES, APT., V RAMA AVE, CEBU CITY', 108, 'amornarca1375@gmail.com', 1, '1975-12-03', '', '253-6173', '09255036407', '204-848-571', 12, 24582, 32499, ''),
(138, 25651, 'VIRRCI181134', 'CRUZ', 'IMELDA', 'ALVEYRA', '', '2018-10-16 13:23:47', '201 PUTOL ST. BULAC, STA. MARIA BULACAN', 114, '', 3, '1966-12-28', '', '', '09433436786', '', 10, 5289, 31531, ''),
(139, 26089, 'COMKCR180243', 'CINCUA', 'ROBERT', 'NABOR', 'ROBERT', '2018-12-15 16:35:40', 'SUNCALAN 2 SUMULONG EXIT, BRGY. SAN ROQUE, ANTIPOLO CITY', 104, 'rncincua@gmail.com', 1, '1957-12-15', '', '', '09997555480', '138-112-727', 28, 25588, 32255, ''),
(140, 26438, 'RYQNGJ190122', 'GABULE', 'JUNIJIM', 'BARUEL', 'JUNJUN', '2019-02-25 17:14:24', 'P-3A POBLACION VALENCIA CITY', 79, '', 1, '1985-05-31', '', '', '09177005261', '', 36, 25969, 32840, ''),
(141, 26003, 'COLVGD182606', 'GERONIMO', 'DANNY', '', '', '2018-12-01 15:07:09', 'NOVALICHES QUEZON CITY', 113, '', 2, '1920-01-01', '', '', '', '', 7, 8841, 32061, ''),
(142, 26195, 'VIRRRF191192', 'REYES', 'FLORENCIA', 'G.', '', '2019-01-10 12:37:01', '', 114, '', 1, '1920-01-01', '', '', '', '', 10, 17940, 32426, ''),
(143, 26172, 'PMEAAN190278', 'AMPO', 'NANCY', 'DEPOSITARIO', '', '2019-01-07 21:21:15', 'ZONE 2 - C EXIT, BULA, GENERAL SANTOS CITY', 116, '', 1, '1920-01-01', '', '', '', '', 34, 23089, 32396, ''),
(144, 16806, 'ZOARCA150150', 'CONSON', 'ALICIA', '', '', '2015-02-21 00:00:00', '', 45, '', 3, '1920-01-01', '', '', '09063071074', '', 8, 16156, 17001, ''),
(145, 14768, 'B01VV78901  ', 'BULUSAN', 'VICLEONIE', 'V', 'VIC', '2009-02-07 21:32:17', 'PUZON SUBD., SAN FERMIN CAUAYAN CITY', 112, '', 4, '1976-04-25', '', '', '09159870252', '', 17, 5124, 14768, ''),
(146, 26023, 'ZOLOLD180605', 'LAURO', 'DELIA', 'BLASCO', 'DEAH', '2018-12-03 20:52:05', 'TABON, QUEZON PAL.', 80, '', 1, '1960-10-20', '', '', '', '', 2, 2226, 32079, ''),
(147, 26066, 'TZRXVF180385', 'VELASCO', 'FELY', 'UY', '', '2018-12-09 19:30:07', '', 36, '', 2, '1920-01-01', '', '', '', '', 18, 7356, 32157, ''),
(148, 26215, 'VIRRBV191209', 'BARILA', 'VIRGINIA', '', '', '2019-01-10 15:40:01', '', 114, '', 1, '1920-01-01', '', '', '', '', 10, 17940, 32467, ''),
(149, 26015, 'COLVNE182615', 'NATIVIDAD', 'ELI', 'C.', 'JOJO', '2018-12-01 17:29:27', '114 LAON LAAN CALOOCAN CITY', 113, '', 2, '1976-10-16', '', '', '09062307275', '', 7, 8841, 32072, ''),
(150, 26284, 'COLVOM192637', 'OPRIASA', 'MARINA', 'PICARDIAL', 'MARINA', '2019-01-22 13:25:59', 'NOVALICHES, QUEZON CITY', 113, '', 1, '1920-01-01', '', '', '', '', 7, 26007, 32586, ''),
(151, 26238, 'PLSUVK191395', 'VELAYO', 'KIM', 'OPO', '', '2019-01-12 15:36:03', ' 4 H ABELLANA ST., CANGHANG - AT TAWASON, MANDAUE CITY', 71, '', 1, '1974-11-06', '', '', '09175341860', '', 12, 24582, 32501, ''),
(152, 26138, 'PLSUDF181390', 'DIONISIO', 'FERDINAND', 'MERCADO', 'FERDIE', '2018-12-28 13:17:53', '21 HOPE ST., REMANVILLE EXEC. VILL., BETTER LIVING SUBD., PARANAQUE CITY 1711', 30, 'ferdie_dionisio@hotmail.com', 2, '1964-09-23', '', '', '09171096800', '198-062-842', 12, 17989, 32334, ''),
(153, 26092, 'PMEABJ180255', 'BACARRO', 'JUDITH', 'CABRADILLA', 'JUD', '2018-12-16 17:03:29', 'TRINIDAD GREENHILLS, MA - A  DAVAO CITY', 116, '', 2, '9640-01-31', '', '286-7267', '09256439875', '912-930-735', 34, 24322, 32251, ''),
(154, 26387, 'RYQNPC190109', 'PIMENTEL', 'CLEA MARIE', '', '', '2019-02-02 19:05:52', '', 71, '', 1, '1920-01-01', '', '', '', '', 36, 26022, 32744, ''),
(155, 26241, 'ZOTALL190860', 'LAVANDERO', 'LORNA', 'PAEZ', '', '2019-01-14 16:48:27', '', 45, '', 2, '1920-01-01', '', '', '09280697500', '', 8, 16806, 32508, ''),
(156, 26218, 'VIRRDL191212', 'DELA PENA', 'LORETA', 'BAYSIC', '', '2019-01-11 16:28:36', '', 114, '', 1, '1920-01-01', '', '', '', '', 10, 20124, 32472, ''),
(157, 20124, 'VIRRBA160309', 'BELEN', 'AMALIA', 'C', 'AMY', '2016-08-23 13:29:47', 'B8 L5 YORK ST., HIGHLANDS POINTE SUBD., FILINVEST TAYTAY RIZAL', 114, 'amycbelen@yahoo.com', 4, '1959-03-17', '4230188', '5772646', '09987906747', '', 10, 17940, 22371, ''),
(158, 26430, 'ZOTAMR190898', 'MALITAO', 'RHODA', 'EMBATE', 'RHODA', '2019-02-16 20:29:03', 'SAN JUAN VICTORIA, ORIENTAL MINDORO', 45, '', 2, '1977-01-01', '', '', '09199929007', '', 8, 26119, 32826, ''),
(159, 17940, 'VIRRCF150096', 'CONTREVIDA', 'FELY', 'ABRENICA', '', '2015-08-18 13:36:57', '37 BRENTWOOD ST. PINES CITY EXECUTIVE VILLAGE ANTIPOLO', 114, 'felycontrevida@yahoo.com', 10, '1920-01-01', '3978337', '7034595', '09178111958', '', 10, 10639, 18848, ''),
(160, 26012, 'ZOTAMJ180815', 'MORADOS', 'JESUSA', 'MOSQUEDA', 'JOSIE', '2018-12-01 15:43:02', 'CAMPUTHAW PUROK 8', 45, '', 1, '1943-08-20', '505-7854', '', '09333388661', '', 8, 25632, 32065, ''),
(161, 26161, 'PMEAJJ190267', 'JORDAN', 'JESSA', 'ESPUERTAS', 'BEBE', '2019-01-07 21:14:23', 'PUROK DAISY, NEW ISABELA, TACURONG CITY, SULTAN KUDARAT', 116, 'jessajordan15@gmail.com', 1, '1998-10-29', '', '', '09187221338', '', 34, 23089, 32384, ''),
(162, 791, 'L01DD77101  ', 'LIM', 'DELIA', 'D', 'DEL', '2011-02-08 19:15:02', 'ISABEL GARDEN VILLA MOONWALK PARANAQUE CITY', 30, '', 6, '1965-03-17', '', '', '09279500038', '', 26, 12902, 791, ''),
(163, 26261, 'COMKVM190257', 'VELLEN', 'MARY GRACE', 'FRANCISCO', 'GRACE', '2019-01-19 11:13:49', 'SANTA ELENA EXIT., MILAGROS SUBD., ANTIPOLO CITY', 104, '', 1, '1972-06-27', '', '', '09128945368', '', 28, 25899, 32546, ''),
(164, 26118, 'ZOTASL180834', 'SIKAT', 'LILIAN', 'DIGNO', 'NENG', '2018-12-22 12:46:33', 'GOCO COLLEGES INC., LALUD, CALAPAN CITY, ORIENTAL MINDORO', 45, '', 2, '1982-08-28', '286-7208', '', '09397732033', '', 8, 24205, 32309, ''),
(165, 25969, 'RYQNGT180037', 'GABULE', 'TRINIDAD', 'BARVEN', 'TRINING', '2018-11-24 12:38:36', 'PUROK 3A - POBLACION VALENCIA CITY', 79, '', 5, '1961-05-26', '', '', '09177005261', '', 36, 25690, 32006, ''),
(166, 26158, 'PMEAJR190264', 'JORDAN', 'RIZA', 'LARIZA', 'KRING - KRING', '2019-01-07 21:16:40', 'PUROK ROSE, BRGY. D LEDESMA, TACURONG CITY, SULTAN KUDARAT', 116, '', 1, '1997-04-07', '', '', '09269117840', '', 34, 23089, 32387, '09555039316'),
(167, 26181, 'PMEAVG190287', 'VELASQUEZ', 'GUIA', 'ESTELUNA', 'GUIA', '2019-01-07 22:15:13', '', 116, '', 1, '1920-01-01', '', '', '', '', 34, 24731, 32404, ''),
(168, 26327, 'PLSUUT191397', 'URRUTIA', 'TERESITA', 'CRUZ', 'TESS', '2019-01-25 11:20:18', 'POBLACION, PLARIDEL', 108, '', 1, '1951-10-01', '', '', '09667101542', '', 12, 9078, 32646, ''),
(169, 26304, 'VIRRCP191242', 'CABUTIHAN', 'PEMENIA', '', '', '2019-01-24 15:08:30', '', 114, '', 1, '1920-01-01', '', '', '', '', 10, 17940, 32616, ''),
(170, 26390, 'COCHDG190023', 'DALAMPINES', 'GILDA', 'MOLATO', 'DANG', '2019-02-07 19:13:39', 'B16 L23 DINAI ST. LOSES COUNTY HOMES, ANTIPOLO CITY', 104, '', 2, '1948-05-06', '', '', '09266564768', '', 15, 10775, 32779, ''),
(171, 26198, 'VIRRAG191194', 'ATIENZA', 'GREG', 'S.', '', '2019-01-10 18:24:26', '', 114, '', 1, '1920-01-01', '', '', '', '', 10, 17940, 32442, ''),
(172, 25594, 'COMKLG180217', 'LOPEZ', 'GABRIEL', 'CERBAS', '', '2018-10-13 14:41:34', 'BLK 18, LOT 5, PHASE 1PEACE VILLAGE BRGY. SAN LUIS ANTIPOLO CITY', 104, '', 3, '1920-01-01', '', '', '09189903634', '', 28, 10776, 31435, ''),
(173, 26244, 'PMEASJ190298', 'SOTO', 'JAMIELOU', 'BABARE', 'JAMIE', '2019-01-17 20:40:25', 'TIONGSON ST., LALAO GENERAL SANTOS CITY', 116, 'jgbsoto@gmail.com', 2, '1982-08-29', '887-2945', '', '09173238276', '930-382-857', 34, 25214, 32516, ''),
(174, 23433, 'ZOTAAE170523', 'ALETA', 'ESTRELLA', 'CASAO', 'ESTHER', '2017-11-04 14:07:16', 'Managpi, Calapan City, Oriental Mindoro', 45, '', 3, '1973-09-02', '', '', '09498339261', '', 8, 22832, 27670, '09278282379'),
(175, 26095, 'JWDIDA180655', 'DUNGO', 'ABIGAIL', 'VALDERAMA', 'ABBY', '2018-12-18 19:03:24', 'PALIGUI, COLGANTE, APALIT PAMPANGA', 107, '', 2, '1996-01-15', '', '', '09069116920', '', 5, 25363, 32268, ''),
(176, 26052, 'JWDILE180645', 'LACANLALE', 'ELENA', 'DANTING', 'LEN', '2018-12-07 20:48:47', 'STA RITA MACABEBE PASIG', 107, '', 2, '1950-09-06', '', '', '', '', 5, 25363, 32131, ''),
(177, 15879, '00MM140001  ', 'MONTEMAYOR', 'MYRA', 'MIRANDA', '', '2014-11-18 00:00:00', 'B1 L2 VICTORIA VILLAGE PANAPAAN 3 BACOOR, CAVITE', 9, '', 4, '1920-01-01', '046-4508334', '', '09178487246', '', 3, 12902, 16028, ''),
(178, 26029, 'VIRRMM181174', 'MARQUEZ', 'MARY GRACE', 'GRAGASIN', 'GRACE', '2018-12-04 20:08:25', '3 BULELAK ST., MALANDAY, MARIKINA CITY', 114, '', 2, '1973-11-12', '', '', '09266780926', '', 10, 25656, 32086, ''),
(179, 24037, 'ZOTAAS180551', 'ASENSI', 'SIMEONA', 'GAVIA', '', '2018-01-05 23:14:07', '  BIBIHAN, MADAGPI, CALAPAN\r\n ORIENTAL MINDORO', 45, '', 2, '1920-01-01', '', '', '', '937-526-437', 8, 23433, 28697, ''),
(180, 24990, 'ZOLOCB180558', 'CRUZ', 'BABYLYN', 'FRANCISCO', 'BABY', '2018-06-14 10:21:45', '49 GONZALES ST. SAN ELDEFONSO, BULACAN', 80, 'babylynfrancisco33@yahoo.com', 3, '1964-11-08', '', '', '09491852664', '911-756-336', 2, 17504, 30413, ''),
(181, 1037, 'D01FG10901  ', 'DENZO', 'FLORINDA', 'G', 'FLOR', '2009-08-24 20:00:00', '3 MARLBORO ST., ST. MICHAEL SUBD. MEYCAUAYAN CITY', 80, '', 7, '1947-08-24', '', '', '09178472447', '', 2, 6268, 1037, '09235593918'),
(182, 26009, 'COLVPR182613', 'PAMPUYOS', 'ROGELIO JR.', '', '', '2018-12-01 15:04:45', '', 113, '', 2, '1992-12-07', '', '', '09358657401', '', 7, 8841, 32057, ''),
(183, 22285, 'VIRRGZ170689', 'GARCIA', 'ZENAIDA', '', '', '2017-03-28 21:39:49', '', 114, '', 3, '1940-02-21', '', '', '09177912143', '', 10, 21988, 25497, ''),
(184, 26221, 'VIRRGE191215', 'GARCIA', 'EMMA', 'GUY', '', '2019-01-11 16:37:30', '', 114, '', 1, '1920-01-01', '', '', '', '', 10, 20124, 32475, ''),
(185, 26307, 'VIRRSM191245', 'SALVALEM', 'MYRNA', '', '', '2019-01-24 15:18:32', '', 114, '', 1, '1920-01-01', '', '', '', '', 10, 17940, 32619, ''),
(186, 26072, 'VIRRED181179', 'ESTIPULAR', 'DAMASA', 'DEL ROSARIO', 'BABY', '2018-12-13 15:20:43', '0001 LOT BLK 8 ST., NEPO HOMES PULONG BUHANGIN, STA. MARIA BULACAN', 114, '', 2, '1961-12-11', '', '', '09428257664', '189-255-683', 10, 5289, 32213, ''),
(187, 10775, 'COMKPM140091', 'PANERGALIN', 'MA. ESPERANZA', 'A.', 'AIDA', '2014-01-10 18:40:37', 'B16 L30 DINAR ST., LORES COUNTRY, ANTIPOLO CITY', 104, 'aidapanergalin@yahoo.com', 3, '1959-06-13', '721-2257', '', '09165133494', '', 15, 791, 10775, ''),
(188, 26115, 'ZOTASL180831', 'SANCHEZ', 'LUCENA', 'CASAO', 'CENA', '2018-12-22 12:46:22', 'MANAGPI, CALAPAN CITY', 45, '', 1, '1920-01-01', '', '', '', '', 8, 23433, 32306, ''),
(189, 26324, 'COLVDR192650', 'DE SALIT', 'REMIA', 'AYENG', 'REMY', '2019-01-25 20:06:45', 'BLOCK 3, LOT 25, MANGOSTEEN ST., PALIPARAN 1, DASMA CITY, CAVITE', 72, '', 2, '1953-01-01', '424-0228', '', '', '', 7, 21252, 32639, ''),
(190, 12902, 'M01LP99801  ', 'MABALOT', 'LILLIAN', 'P', 'IAN', '2004-07-01 13:00:00', 'B8 L11 VILLA REGINA 2 SUBD, SAOG, MARILAO,BULACAN', 9, 'lillianmabalot@yahoo.com', 6, '1980-11-07', '', '', '09175245265', '', 3, 18917, 12902, ''),
(191, 26347, 'PMEABJ190304', 'BACARRO', 'JOSEPH', 'CABRADILLA', '', '2019-01-26 12:46:54', '', 116, '', 1, '1920-01-01', '', '', '', '', 34, 26092, 32677, ''),
(192, 26155, 'PMEAES190261', 'EDZA', 'SALLY', 'JORDAN', 'SAL', '2019-01-07 20:52:38', 'SKSU - ACCESS CAMPUS, EJC MONTILLA, TACURONG CITY', 116, '', 1, '1966-03-26', '', '', '09051781340', '', 34, 23089, 32375, ''),
(193, 26201, 'VIRRQF191197', 'QUINTANA', 'FLOCERFIDA', 'A.', '', '2019-01-10 18:24:51', '', 114, '', 1, '1920-01-01', '', '', '', '', 10, 17940, 32446, ''),
(194, 26178, 'PMEAIW190284', 'ISAAC', 'WAHID', 'H.', '', '2019-01-07 21:36:23', 'PRK 02, NEW SOCIETY, BRGY. APOPONG, GENSAN CITY', 116, '', 1, '1920-01-01', '', '', '', '', 34, 23089, 32402, ''),
(195, 26301, 'VIRRDA191239', 'DANGANAN', 'AIREEN', '', '', '2019-01-24 15:05:33', '', 114, '', 1, '1920-01-01', '', '', '', '', 10, 17940, 32613, ''),
(196, 19703, 'COLVBE160938', 'BRILLANTES', 'ELVIMINDA', '', 'ELVIE', '2016-06-28 18:17:44', 'BLK 24 LOT 18 CEAR BRGY LANTIC CARMONA CAVITE', 72, '', 6, '1951-03-11', '', '443-6776', '09178443478', '', 7, 8808, 21726, ''),
(197, 26075, 'VIRRAA181182', 'ALBERTO', 'ARSENIO JR.', 'PAZ', '', '2018-12-13 16:16:17', 'BLOCK 7, LOT 19, ANTHURIUM ST., LORES SUBD., ANTIPOLO CITY', 114, '', 1, '1953-10-29', '912-3832', '', '', '', 10, 26071, 32220, ''),
(198, 26098, 'RYQNAE180079', 'ABELLANA', 'ELIZABETH', 'OCABA', 'ABETH', '2018-12-19 14:48:25', 'LAWAAN 1, TALISAY CITY', 71, '', 2, '1961-06-26', '', '', '09339770857', '138-880-709', 36, 25652, 32272, ''),
(199, 25242, 'ZOTAMB180676', 'MALABRIGA', 'BRIDGETTE', 'PITA', '', '2018-07-28 19:38:40', 'STA. ISABEL, CALAPAN CITY, ORIENTAL MINDORO', 45, '', 3, '1980-09-16', '', '', '09283701965', '223-668-120', 8, 19969, 30788, ''),
(200, 25906, 'COMKRA180238', 'ROJO', 'ANABELLE', '', 'GING - GING', '2018-11-17 16:18:44', 'BLOCK 1, LOT LANAN ST, MARWOOD SUBD., MAHABANG PARANG, ANGONO RIZAL', 104, '', 2, '1964-08-30', '', '', '09477836019', '', 28, 10776, 31902, '09152340232'),
(201, 26404, 'PLMECL190128', 'CATAPANG', 'LHARALYN', '', 'LHARA', '2019-02-05 14:00:13', 'MONTALBAN, RIZAL', 99, '', 2, '1920-01-01', '', '', '', '', 14, 2779, 32772, ''),
(202, 25265, 'VIRRCG181088', 'CRUZ', 'GEMMA', 'LAMASON', 'GEM', '2018-08-07 14:45:50', '14 SOUTH WEST IPIL ST. MARIKINA HTS. MARIKINA CITY', 114, '', 3, '1964-02-13', '9480912', '', '09178425267', '', 10, 20741, 30852, ''),
(203, 26032, 'ZOTANA180817', 'NOVAL', 'ANTONIA', 'MALINAO', 'TONING', '2018-12-03 15:17:51', 'LABOGON, MANDUAE CITY', 45, '', 1, '1966-02-26', '', '', '09339265594', '', 8, 25631, 32091, ''),
(204, 26055, 'JWDIGL180648', 'GAJUDO', 'LIZA', '', '', '2018-12-07 20:45:47', 'PUROK 1 SAN MIGUEL SAN SIMON PAMPANGA', 107, '', 2, '1920-01-01', '', '', '', '', 5, 19998, 32129, ''),
(205, 26175, 'PMEACR190281', 'CERUNAY', 'RANNY', 'FLORIDA', '', '2019-01-07 21:34:29', 'MAFINA APLAYA, DAVAO CITY', 116, '', 1, '1920-01-01', '', '', '', '', 34, 23089, 32399, ''),
(206, 26367, 'RYQNML190097', 'MUTIA', 'LILIBETH', 'ABIAN', 'YVETTE', '2019-02-02 20:11:28', 'C/O CAGAYAN DE ORO CITY WATER DISTRICT CAGAYAN DE ORO CITY', 71, '', 1, '1968-04-26', '', '', '09069173589', '', 36, 25634, 32714, ''),
(207, 19065, 'ZOTABR160115', 'BOLLAS', 'RAYMOND', 'ATADERO', 'RAYMOND', '2016-03-08 16:04:30', '490 VIOLETA ST. SALUGNOY MEYCAUAYAN, BULACAN', 45, '', 3, '1983-11-02', '', '', '09277701253', '', 8, 18909, 20714, ''),
(208, 24475, 'COLVLE182337', 'LAYUG', 'ERLINDA', 'CRUZ', 'LINDA', '2018-02-27 12:51:06', '#5 BLK 4, LOT 6, DALAYA VILLAGE I, MLQUEZON EXTN., DALIG I, ANTIPOLO CITY', 28, '', 3, '1952-03-22', '696-6215', '', '09063990639', '', 7, 10796, 29468, ''),
(209, 26321, 'COLVDL192652', 'DELA CRUZ', 'LUCILYN', 'PAPANGO', 'LUCI', '2019-01-25 20:09:22', 'BLOCK 3, LOT 33, BRGY. GRANADOS, GMA, CAVITE', 72, '', 1, '1964-11-06', '', '', '09472905273', '121-925-666', 7, 25722, 32641, ''),
(210, 25634, 'NTNTCV180002', 'CANTOR', 'VERONICA', 'DAAMO', '', '2018-10-12 12:21:20', 'CEBU CITY', 71, '', 6, '1967-07-09', '032 511 5011', '', '09338581537', '', 36, 25628, 31518, ''),
(211, 19998, 'JWDIMZ160216', 'MELANCIO', 'ZENAIDA', 'F.', 'MAY', '2016-08-04 19:56:15', '360 BAYANI ST. SAN JUAN APALIT PAMPANGA', 107, 'zenaida_melancio@yahoo.com', 5, '1970-04-20', '', '', '09089747384', '', 5, 18319, 22180, '09954197995'),
(212, 26035, 'ZOTAGL180818', 'GERMINO', 'LUVISMINDA', 'TAMPUS', 'MINDA', '2018-12-04 16:57:46', 'SITIO MABUGNAO, JUANA OSMEÑAEXT., CAMPUTHAW CEBU CITY', 45, '', 1, '1962-05-05', '', '', '09322809177', '', 8, 16806, 32097, ''),
(213, 26281, 'VIRRNA191231', 'NUÑEZ', 'AZONING', 'BALULOY', '', '2019-01-22 13:18:42', '517 VASQUEZ ST., HARAPIN ANG', 114, '', 2, '1946-07-01', '', '', '09292149702', '', 10, 22662, 32583, ''),
(214, 26344, 'ZOTAAM190875', 'ALABA', 'MARILYN', 'BOC', 'WENDY', '2019-01-26 11:46:17', 'CALERO, CALAPAN CITY', 45, '', 2, '1974-02-07', '', '', '09487851726', '', 8, 25279, 32668, ''),
(215, 18418, 'TZPPRM150159', 'REGUA', 'MARIE GLENN', 'RODULFO', 'GLENN', '2015-11-16 17:05:35', 'STO. DOMINGO, ALICIA ISABELA', 36, 'marieglennregua@yahoo.com', 4, '1968-09-24', '', '', '09278872338', '', 18, 4155, 19652, ''),
(216, 26407, 'ZOTACO190882', 'CONSON', 'ORLIE', 'NEBRIA', 'ORLIE', '2019-02-09 13:57:22', '', 45, '', 1, '1996-08-09', '', '', '09424706486', '', 8, 16419, 32786, ''),
(217, 16234, 'COLVAJ140170', 'AGUILAR', 'JOA ANNE ROSE', 'VELA', 'JOAN', '2014-12-19 00:00:00', 'B27 L14 DINAL ST., LORES SUBD., ANTIPOLO CITY', 104, 'joan.aguilar@yahoo.com', 3, '1990-03-30', '2120035', '', '09164392051', '', 28, 10776, 16433, ''),
(218, 26384, 'ZOTACI190881', 'CASAO', 'ISABEL', 'MELO', 'LITA', '2019-02-05 17:04:49', 'MANAGPI, CALAPAN, ORIENTAL MINDORO', 45, '', 1, '1956-11-28', '', '', '', '', 8, 25334, 32734, ''),
(219, 26078, 'RYQNAM180072', 'ASINERO', 'MARIA THERESA', 'PARRENO', 'MARIZ', '2018-12-14 16:06:35', 'VALENCIA, BUKIDNON', 79, '', 1, '1965-09-09', '', '', '09050335671', '', 36, 25969, 32218, ''),
(220, 26427, 'ZOTAEB190895', 'EVANGELISTA', 'BELLA', 'LUMPAS', 'BELLE', '2019-02-16 20:02:56', '248 A. LOPEZ ST. TIBAG CALAPAN CITY OR MDO.', 45, '', 2, '1959-04-04', '', '', '09274884338', '', 8, 25080, 32822, ''),
(221, 26258, 'COMKBK190254', 'BALASTA', 'KAREN', 'MICALLER', 'KAREN', '2019-01-19 10:57:06', 'SITIO ORETA, BRGY. SAN ISIDRO, ANTIPOLO CITY', 104, '', 2, '1984-07-16', '', '', '09468418370', '', 28, 26088, 32543, ''),
(222, 25972, 'RYQNSM180040', 'SALILO', 'MILA', '', 'MILA', '2018-11-24 12:59:20', 'PCH - 11, SAN MIGUEL, MANOLO FORTICH, BUKIDNON', 79, '', 3, '1958-04-28', '', '', '', '', 36, 25690, 32011, ''),
(223, 26364, 'RYQNIL190094', 'IPANAG', 'LERMA', 'ORO', '', '2019-02-02 20:06:28', '', 79, '', 1, '1920-01-01', '', '', '', '', 36, 25969, 32711, ''),
(224, 26230, 'VIBMDS190438', 'DELA CRUZ', 'STEVE', '', '', '2019-01-14 17:08:15', '', 9, '', 1, '1920-01-01', '', '', '09162082664', '', 3, 12902, 32488, ''),
(225, 26038, 'ZOTABC180820', 'BOLIVAR', 'CARMENCITA', 'GO', 'CARMEN', '2018-12-06 20:21:31', '085 VILLA LEONARDO SUBD., CEBU CITY', 45, '', 2, '1953-06-22', '', '', '09233751954', '', 8, 25888, 32102, ''),
(226, 26207, 'VIRRDA191201', 'DIZON', 'ANTONIO', '', '', '2019-01-10 15:42:33', '', 114, '', 1, '1920-01-01', '', '', '', '', 10, 17940, 32471, ''),
(227, 26184, 'PLMEAG190125', 'ALMONTE', 'GELO', '', '', '2019-01-07 14:51:08', '', 99, '', 2, '1920-01-01', '', '', '', '', 14, 2779, 32407, ''),
(228, 24733, 'PMEALM180034', 'LIRA', 'MINA', 'ARRIOLA', '', '2018-04-21 17:03:12', '#44 2ND STREET SORIANO SUBD. GENERAL SANTOS CITY', 116, '', 4, '1968-09-21', '', '', '09393564075', '', 34, 24732, 29937, ''),
(229, 26061, 'RYQNEC180071', 'ESTRERA', 'CLEMENTE', 'JUDILLA', 'DODONG', '2018-12-08 17:30:04', 'LABOGON, MANDAUE CITY', 71, '', 2, '1949-11-23', '(032)420-4643', '', '09234118994', '109-460-081', 36, 25892, 32140, ''),
(230, 26084, 'JWDIRS180653', 'ROXAS', 'SAMANTHA JANE', 'BALUYUT', 'SAM', '2018-12-15 11:54:31', 'MACABEBE, PAMPANGA', 107, '', 2, '2000-08-31', '', '', '', '', 5, 26056, 32242, ''),
(231, 26376, 'VIFRCE190264', 'CLIMACOSA', 'EMILIANA', 'DELA CRUZ', 'MELY', '2019-02-05 11:40:08', '837 TEJEROS CONV. TRAMO ROS. CAVITE', 72, '', 1, '1956-01-05', '', '', '09507522447', '', 4, 24752, 32723, ''),
(232, 26330, 'RYQNYL190092', 'YAP', 'LOURDES', 'CINCHES', 'LADY', '2019-01-28 20:31:02', 'FAIRIVEW HOMES SUBD., E. SABELLANO BASAK, PANDO', 71, '', 2, '1943-05-06', '414-6747', '', '09327136547', '', 36, 25628, 32651, ''),
(233, 25892, 'RYQNUH180032', 'UNGAB', 'HELEN', 'MONTELLANO', 'LEN', '2018-11-17 13:06:32', '118 GEN MAXILOM AVE. CEBU CITY', 71, '', 2, '1955-09-03', '416-9652', '', '09432517670', '60-504085005', 36, 25555, 31883, ''),
(234, 26433, 'VIRRYM191271', 'YUSI', 'MARLON', 'GOZUN', '', '2019-02-19 22:24:00', 'KINGSVILLE SUBD. ANTIPOLO CITY', 114, '', 1, '1979-08-19', '', '', '', '', 10, 26391, 32829, ''),
(235, 25912, 'RYQNAE180034', 'ARONG', 'ERMELINDA', 'AQUINO', 'LINDA', '2018-11-17 12:42:26', '203 - B D. JAKOSATEM ST., CEBU CITY', 71, '', 3, '1951-10-15', '255-7649', '', '09228001551', '', 36, 25634, 31915, ''),
(236, 9161, 'I01FL49801  ', 'IPIO', 'FLORDELIZA', 'L.', 'FLOR', '2013-05-21 20:00:00', 'L1 B8 PROMINENZA SUBD.,CAMELLA HOME BRGY PAGALA, BALIUAG, BULACAN', 108, '', 4, '1945-01-30', '', '', '09178710130', '', 12, 16, 9161, ''),
(237, 17989, 'PLSUDR150191', 'DIONISIO', 'RAEL JUDITH', '', '', '2015-08-28 16:06:49', '', 108, '', 2, '1920-01-01', '', '', '09177949152', '', 12, 17956, 18939, ''),
(238, 26353, 'PMEAGR190307', 'GOLOSINDA', 'RHODORA', '', '', '2019-01-31 13:33:56', '', 116, '', 1, '1920-01-01', '', '', '', '', 34, 24733, 32688, ''),
(239, 26210, 'VIRRHL191204', 'HALILI', 'LEONORA', '', '', '2019-01-10 15:36:05', '', 114, '', 1, '1920-01-01', '', '', '', '', 10, 17940, 32462, ''),
(240, 26310, 'VIRRBD191248', 'BALDER', 'DAN', '', '', '2019-01-24 15:21:27', '', 114, '', 1, '1920-01-01', '', '', '', '', 10, 17940, 32622, ''),
(241, 26018, 'COLVBE182618', 'BLAURO', 'ESTELITA', 'DUNGKA', '', '2018-12-03 17:25:30', 'TANDANG SORA, PASUNG TAMO, QUEZON CITY', 113, '', 2, '1920-01-01', '', '', '09422083539', '', 7, 8841, 32069, ''),
(242, 26064, 'ZOTACB180824', 'CASAPAO', 'BERNACE', '', '', '2018-12-10 17:45:37', '', 45, '', 1, '1920-01-01', '', '', '', '', 8, 18470, 32150, ''),
(243, 26373, 'PLSUTJ191398', 'TANYAG', 'JULIETA', 'PANGAN', 'JULIET', '2019-02-05 11:24:14', '1007 ETON EMERALD LOTES, GARNET ST., CBD ORTIGAS, PASIG', 108, '', 2, '1962-07-04', '', '', '09178354445', '', 12, 9078, 32720, ''),
(244, 9078, 'R01VE05201  ', 'RAMOS', 'VICTORIA', 'E.', '', '2013-04-26 20:00:00', '4882 GOV. PADILLA HIGHWAY AGNAYA PLARIDEL BULACAN', 108, '', 6, '1941-07-28', '', '', '09178320728', '', 12, 9068, 9078, '09178289491'),
(245, 26041, 'COLVMM182624', 'MARIGMEN', 'MARIO', 'BAUTISTA', '', '2018-12-07 16:44:40', 'CALOOCAN CITY', 113, '', 2, '1920-01-01', '', '', '09324095596', '', 7, 8841, 32107, ''),
(246, 26287, 'COLVVL192640', 'VASQUEZ', 'LANIE', '', '', '2019-01-22 21:05:11', 'BLK 1, LOT 2 CRISANTIMUM ST., GREEN MEADOWS SUBD., DAVAO CITY', 113, '', 1, '1920-01-01', '', '', '', '', 7, 25404, 32594, ''),
(247, 26436, 'PMEAAG190311', 'ARAÑEZ', 'GIL', 'GACO', 'GIL', '2019-02-25 15:51:38', '277 KAMAGONG ST. BLOCK 22 EXT. ADDITION HILLS, MANDALUYONG CITY', 116, '', 2, '1961-12-26', '', '', '09235522501', '', 34, 24733, 32838, ''),
(248, 26001, 'PLSULE181384', 'LIM', 'EDITH', '', '', '2018-12-01 13:54:33', 'KARUHATAN VALENZUELA METRO MANILA', 108, '', 2, '1920-01-01', '', '', '', '', 12, 16, 32054, ''),
(249, 26127, 'ZOTAMJ180843', 'MANALO', 'JOSE', 'MENDOZA', 'JOSE', '2018-12-22 12:47:08', 'BRGY. STO. NIÑO, CALAPAN, ORIENTAL MINDORO', 45, '', 2, '1968-03-02', '', '', '09553787130', '', 8, 23010, 32318, ''),
(250, 25268, 'ZOLOAM180580', 'ABOLENCIA', 'MA. CONCEPCION', 'MANALAYSAY', 'CONNIE', '2018-08-07 12:54:16', '224 BUISON BUSTOS, BULACAN', 80, '', 2, '1958-11-15', '', '', '09061843643', '', 2, 24987, 30851, '');
INSERT INTO `distributors` (`id`, `distributor_id`, `distributor_code`, `last_name`, `first_name`, `middle_name`, `nickname`, `date_joined`, `distributor_address`, `location_id`, `email`, `distributor_level_id`, `birthdate`, `residence_telephone`, `office_telephone`, `mobile_number`, `tin`, `subteam_id`, `sponsor_id`, `customer_id`, `mobile_number2`) VALUES
(251, 26413, 'COMKPR190266', 'PABULAR', 'RHOZEL', 'GUMAWA', 'ZEL', '2019-02-16 17:47:05', 'ZONE 10 BRGY. SAN ROQUE, ANTIPOLO CITY', 104, '', 2, '1990-10-19', '', '', '09758071191', '', 28, 26087, 32794, ''),
(252, 26021, 'RYQNAM180065', 'ABLIG', 'MARICON', 'BUTIAL', 'ICON', '2018-12-02 19:32:55', 'SABANG, ALLEN, NORTHERN SAMAR', 71, '', 3, '1966-08-01', '', '', '09398130484', '', 36, 25852, 32075, ''),
(253, 837, 'O01JD28101  ', 'OQUINE', 'JOSELITO', 'D', 'LITO', '2011-04-25 12:38:01', 'ISABEL GARDEN VILLA MOONWALK PARANAQUE CITY', 30, '', 4, '1969-05-15', '', '', '09558692053', '', 26, 791, 837, ''),
(254, 25875, 'COCHRR180012', 'RAMOS', 'ROSITA', 'BOLILAN', 'ROSE', '2018-11-16 09:17:04', '480 MLT DEL PILAR ST., BRGY. SAN ISIDRO, ANTIPOLO CITY', 104, '', 2, '1918-10-24', '', '', '09065936183', '', 15, 25679, 31874, ''),
(255, 26370, 'RYQNPA190101', 'PIMENTEL', 'ALEXANDER', '', '', '2019-01-28 21:23:49', '', 79, '', 1, '1973-05-20', '', '', '', '', 36, 26368, 32717, ''),
(256, 25852, 'RYQNFP180021', 'FRANCISCO', 'PRESCILA', 'TRINIDAD', 'PRECY', '2018-11-12 19:50:54', 'DESTACADO, SAN VICENTE, NORTH SAMAR', 71, '', 3, '1959-11-15', '', '', '09276348268', '466-389-379', 36, 25652, 31843, ''),
(257, 26393, 'VIRRJP191265', 'JAINGA', 'PAULINE JANE', 'LUTAO', 'PAU', '2019-02-07 16:46:04', 'BRGY. SAN ROQUE, ANTIPOLO CITY', 114, '', 1, '1997-08-27', '', '', '09770645354', '', 10, 18004, 32775, ''),
(258, 20920, 'COMKAL160046', 'ABELLA', 'LEONIDA', 'SY', 'NIDA', '2016-11-17 12:28:12', 'BLK 5 L5 MADISON ST. CUESTA VERDE EXC VILLAGE ANTIPOLO CITY', 104, '', 2, '1962-08-07', '', '', '09159900243', '', 28, 20684, 23515, ''),
(259, 25829, 'ZOTAIM180801', 'ISIP', 'MARILYN', 'DE VILLA', 'MALYN', '2018-11-10 11:47:47', 'POB 1, VICTORIA, ORIENTAL MINDORO', 45, '', 2, '1967-12-22', '(043)285-5793', '', '09989870936', '', 8, 23010, 31806, ''),
(260, 25998, 'PLSUSJ181381', 'SACUAN', 'JANALYN', 'L.', '', '2018-12-01 13:52:08', 'LOT 6 BLK 37 HAGGAU ST. ANNEX 35 ', 108, '', 1, '1920-01-01', '', '', '', '', 12, 24606, 32053, ''),
(261, 26247, 'ZOLOBD190612', 'BLASCO', 'DEBILYN', 'J', 'DEBS', '2019-01-17 11:29:19', 'TABON, QUEZON, PALAWAN', 80, '', 1, '1962-06-26', '', '', '', '', 2, 2226, 32520, ''),
(262, 26293, 'COLVLD192646', 'LACBAY', 'DOMINADOR', 'AQUINO', 'JUN', '2019-01-24 14:41:12', 'AMPARO SUBD., NORTH FAIRVIEW, CALOOCAN CITY', 113, '', 1, '1958-02-14', '', '', '09197776000', '', 7, 8841, 32603, ''),
(263, 26144, 'ZOTAMR190850', 'MACALAHAD', 'ROSITA', 'CASAO', 'ROSIE', '2019-01-04 14:48:18', 'MANAGPI CALAPAN ORIENTAL MINDORO', 45, '', 1, '1956-11-26', '', '', '', '', 8, 23433, 32355, ''),
(264, 26439, 'RYQNAM190123', 'ANG', 'MISHIERLYN', 'GABULE', 'MICMIC', '2019-02-25 17:14:28', 'POBLACION VALENCIA CITY', 79, '', 1, '2004-01-29', '', '', '', '', 36, 25969, 32841, ''),
(265, 26044, 'RYQNCL180068', 'CLAPANO', 'LYDIA', '', '', '2018-12-07 19:36:49', '', 71, '', 2, '1957-08-19', '4221095', '8882378', '09177010405', '', 36, 26022, 32121, ''),
(266, 26190, 'VIRRNN191187', 'NEMENZO', 'NELIA', 'F.', '', '2019-01-10 12:33:43', '', 114, '', 1, '1920-01-01', '', '', '', '', 10, 17940, 32424, ''),
(267, 485, 'A01LF97201  ', 'AGUILAR', 'LIBRADO', '', 'LEVI', '2012-09-29 18:10:00', 'A87 STA. ROSA II, MARILAO, BULACAN', 80, '', 3, '1960-08-13', '', '', '09231441817', '', 2, 7058, 485, ''),
(268, 26124, 'ZOTAVL180840', 'VELASQUEZ', 'LILITA', 'CUASAY', 'LILETH', '2018-12-22 12:46:57', 'POBLACION BACO, ORIENTAL MINDORO', 45, '', 2, '1955-02-03', '', '', '0918499932', '', 8, 22832, 32315, ''),
(269, 26147, 'ZOTARK190855', 'RODA', 'KRISTIN JANE', '', '', '2019-01-07 17:07:18', '', 45, '', 1, '1920-01-01', '', '', '', '', 8, 23433, 32370, ''),
(270, 10807, 'B01DG10901  ', 'BAUTISTA', 'DIVINA', 'G.', 'DIVINE', '2014-01-28 20:00:00', 'B23 L63 STERLING ST., LORES COUNTRY  HOMES, ANGELES CITY', 104, 'divinabautista@yahoo.com', 3, '1977-04-15', '', '', '09059035908', '', 28, 13103, 10807, '09395845904'),
(271, 23817, 'ZOTAMR170541', 'MANONGSONG', 'ROSALINDA', 'ALBANIA', 'INDAY', '2017-12-16 19:40:36', 'PASO, CANUBING 1, CALAPAN CITY, ORIENTAL MINDORO', 45, '', 3, '1951-06-12', '', '', '09954368438', '', 8, 18470, 28335, ''),
(272, 25334, 'ZOTAAL180696', 'ALETA', 'LUISITO', 'M.', 'LOUIE', '2018-08-25 18:43:07', 'MANAGPI, CALAPAN CITY', 45, '', 3, '1963-05-30', '', '', '09309233450', '', 8, 23433, 31012, ''),
(273, 26224, 'JWDISR190657', 'SAN PEDRO', 'RITA', 'ALBA', 'RITZ', '2019-01-11 20:26:50', 'ZONE 1 STA INES BACOLOR PAMPANGA', 107, '', 2, '1976-05-17', '', '', '09158634654', '727-542-873', 5, 12335, 32478, ''),
(274, 26167, 'PMEAHE190273', 'HERRERA', 'ELIZABETH', 'JORDAN', 'INDAY', '2019-01-07 21:11:39', 'BRGY ROSE, LEDESMA, TACURONG SULTAN KUDARAT', 116, '', 1, '1963-09-11', '', '', '09057416173', '', 34, 23089, 32380, ''),
(275, 26416, 'COMKLC190269', 'LEGARDA', 'CRISPINA', 'AMBOS', 'CRIS', '2019-02-16 17:53:14', 'BERMUDA HEIGHTS SUBD. BRGY. SAN LUIS, ANTIPOLO CITY', 104, '', 2, '1970-08-24', '', '', '09999437270', '', 28, 19000, 32798, ''),
(276, 26267, 'VIRRER191223', 'EDMITAR', 'ROSEMAR', '', '', '2019-01-11 17:08:23', '', 114, '', 1, '1920-01-01', '', '', '', '', 10, 17940, 32554, ''),
(277, 26419, 'ZOTALC190885', 'LIM', 'CORAZON', 'CABATANA', 'CORA', '2019-02-16 18:34:19', '202 V. RAMA AVE. CEBU CITY', 45, '', 2, '1955-03-01', '', '', '09333473825', '', 8, 16806, 32801, ''),
(278, 26396, 'VIRRLR191268', 'LEYVA', 'RONALDO', 'LIMONGCO', '', '2019-02-07 19:09:58', 'STO. NINO ST. SAN JOSE, ANTIPOLO RIZAL', 114, '', 1, '1975-03-27', '', '', '09165261587', '', 10, 20165, 32778, ''),
(279, 734, 'G01MP64901  ', 'GARDOSE', 'MA. FAROLITA', 'P.', '', '2012-11-20 20:00:00', '118 INTERIOR DR. SIXTO ANTONIO AVE., ROSARIO, PASIG CITY', 28, '', 3, '1956-09-06', '9253900', '', '09292444832', '', 7, 1254, 734, '09275645812'),
(280, 26250, 'VIRRAN191221', 'ASTRONOMO', 'NELIA', 'LUNAS', 'NELIA', '2019-01-17 11:38:52', 'CUESTA VERDE SUBD., ANTIPOLO CITY', 114, '', 1, '1920-01-01', '', '', '09973757388', '', 10, 22662, 32523, ''),
(281, 26273, 'VIRRPN191229', 'PORNILLOS', 'NICANOR', '', '', '2019-01-11 17:22:27', '', 114, '', 1, '1920-01-01', '', '', '', '', 10, 17940, 32560, ''),
(282, 26204, 'COMKTR190249', 'TENGCO', 'REX OLIVER', 'COLONEL', '', '2019-01-03 19:14:44', 'DAMIANA ST., ROBINSON HOMES, ANTIPOLO CITY', 104, '', 2, '1920-01-01', '', '', '', '', 28, 17388, 32448, ''),
(283, 26227, 'ZOTAAC190858', 'ARELLANO', 'CATHERINE', '', '', '2019-01-14 15:45:09', '', 45, '', 1, '1920-01-01', '', '', '', '', 8, 24717, 32484, ''),
(284, 21919, 'VIRRBE170609', 'BAUTISTA', 'EUGENIA', '', 'GENIE', '2017-01-23 20:00:52', '', 114, '', 3, '1946-12-14', '', '', '09175205226', '', 10, 17940, 24859, ''),
(285, 26081, 'RYQNTE180075', 'TULANG', 'ERLINDA', '', 'LINDA', '2018-12-14 16:05:03', 'LUMBO, VALENCIA, BUKIDNON', 79, '', 1, '1954-11-22', '', '', '09279062863', '', 36, 25969, 32215, ''),
(286, 26187, 'COLVFR192632', 'FLORES', 'RICO', 'V', '', '2019-01-08 17:41:25', 'TRECE MARTIRES CITY', 72, '', 1, '1920-01-01', '', '', '', '', 7, 20398, 32418, ''),
(287, 26333, 'ZOTACS190864', 'CASTILLO', 'SARLEN', 'VILLENA', 'SARLEN', '2019-01-26 13:29:54', 'BURBULI, BACO, ORIENTAL MINDORO', 45, '', 3, '1963-09-20', '', '', '09478970733', '', 8, 25080, 32654, '09177261412'),
(288, 26290, 'COLVBM192643', 'BLAS', 'MARY ANN', '', '', '2019-01-22 21:09:16', '', 113, '', 1, '1920-01-01', '', '', '', '', 7, 25404, 32597, ''),
(289, 26141, 'RYQNAS180084', 'ABLIG', 'SARAH JOY', 'BUTIAL', 'JOY', '2018-12-27 11:21:02', 'SABANG 2, ALLEN SAMAR', 71, '', 1, '1993-06-12', '', '', '09213544392', '', 36, 26021, 32341, ''),
(290, 26121, 'ZOTADH180837', 'DE VILLA', 'HERMINIA', 'ALCARIA', 'EMY', '2018-12-22 12:46:45', 'PINAGKAISAHAN VILLAGE, CAMILMIL CALAPAN CITY', 45, '', 2, '1963-04-17', '', '', '09386717737', '', 8, 19487, 32312, ''),
(291, 26101, 'RYQNSA180082', 'SABIONA', 'AMELITA', 'AVENIDO', 'LILY', '2018-12-20 19:48:29', '0764 MAHAYAHAY, BRGY. APAS, CEBU CITY', 71, 'lily_sabiona@yahoo.com', 2, '1961-07-30', '416-7415', '', '09274318293', '174-727-691', 36, 26083, 32276, ''),
(292, 22832, 'ZOTAEN170016', 'EVANGELISTA', 'NELIA', '', 'NEL', '2017-08-05 18:00:56', 'SITIO PINAGPALA KATUWIRAN II BACO ORIENTAL MINDORO', 45, 'neliaoevangelista@gmail.com', 4, '1954-10-05', '', '', '09950810053', '124-675-313', 8, 16259, 26549, ''),
(293, 26164, 'PMEASM190270', 'SOLITO', 'MARYLYN', 'JORDAN', 'NENENG', '2019-01-07 21:09:05', 'PRK LABRADOR GRIÑO, TACLOBAN CITY', 116, '', 1, '1969-02-18', '', '', '09364166560', '917-669-813', 34, 23089, 32377, ''),
(294, 26058, 'JWDICC180651', 'CAMUNAG', 'CATHERINE JOY', '', 'JOY', '2018-12-07 20:43:15', 'BLK 125 LOT 8 NORTHVILLE 15 CUTUD ANGELES CITY', 107, '', 2, '1999-05-17', '', '', '09270312510', '', 5, 20618, 32127, ''),
(295, 26356, 'VIRRFA191259', 'FERNANDEZ', 'ANNALIZA', 'LUCAS', '', '2019-02-02 11:40:43', 'PASIG CITY', 114, '', 1, '1981-08-07', '', '', '', '', 10, 26248, 32694, ''),
(296, 26270, 'VIRRJP191226', 'JAING', 'PAULINE JANE', '', '', '2019-01-11 17:18:23', '', 114, '', 1, '1920-01-01', '', '', '', '', 10, 17940, 32557, ''),
(297, 21252, 'COLVGF161298', 'GALLARDO', 'FELICIANA', 'R.', '', '2016-12-13 14:57:05', '14-282 BANCAL, CARMONA, CAVITE 4116', 72, 'fely_rivera@yahoo.com', 4, '1920-01-01', '046 4136376', '', '09204051783', '', 7, 19705, 23970, ''),
(298, 26313, 'VIRRSC191251', 'SADIWA', 'CHRISTOPHER', '', '', '2019-01-24 15:28:18', '', 114, '', 1, '1920-01-01', '', '', '', '', 10, 17940, 32625, ''),
(299, 26253, 'RYQNCP190090', 'CRISPINO', 'PAULINA', 'FURIU', 'LIN', '2019-01-12 15:54:12', 'SITIO MAHAYAHAY, APAS, CEBU CITY', 71, '', 2, '1957-12-29', '', '', '092123461338', '', 36, 26101, 32534, ''),
(300, 26422, 'ZOTACS190889', 'CASAPAO ', 'SHIRLEY', '', 'SHIRLEY', '2019-02-16 19:47:27', 'PASO, CANUBING I CALAPAN CITY OR. MDO', 45, '', 1, '1954-12-09', '', '', '09085845911', '', 8, 23817, 32817, ''),
(301, 26107, 'COLVDR182626', 'DIZON', 'ROSEMARIE', 'LACSON', 'ROSE', '2018-12-21 09:04:35', 'BLOCK 39, LOT 3, ZONE 3, AFP HOUSING BULIHAN, SILANG, CAVITE', 72, '', 2, '1960-07-23', '', '', '09338107213', '', 7, 22177, 32285, ''),
(302, 26322, 'COLVMG192648', 'MADRILEJOS', 'GLORIA', 'GAMBOA', 'GLO', '2019-01-25 20:02:17', 'PHASE 3, BLOCK 13, LOT 1, SOLDIERS HILLS 4, MOLINO 6, BACOOR CITY', 72, '', 2, '1951-12-09', '', '', '09285548837', '127-375-386', 7, 25722, 32637, ''),
(303, 26445, 'COMKMR190271', 'MOISES', 'RHEA ', 'ESMILLE', 'IYA', '2019-02-26 18:42:40', '', 104, '', 2, '1988-05-25', '', '', '09300661299', '', 28, 10807, 32859, ''),
(304, 25635, 'NTNTMM180002', 'MABANTO', 'MARIA JOVITA', '', '', '2018-10-12 12:10:44', '20 B FERNHILL ST., TOMAS SACO, MACASANDIG, CDO', 79, '', 6, '1965-02-15', '032 253 6983', '', '09663308746', '', 36, 25634, 31522, ''),
(305, 26130, 'ZOTAVE180846', 'VIÑAS', 'ERLINDA', 'CASAO', 'LINDA', '2018-12-22 16:47:42', 'MANAGPI, CALAPAN CITY', 45, '', 2, '1958-10-07', '', '', '', '', 8, 23433, 32321, ''),
(306, 26299, 'VIRRLV191237', 'LADIA', 'VENUS', '', '', '2019-01-24 15:03:45', '', 114, '', 1, '1920-01-01', '', '', '', '', 10, 17940, 32611, ''),
(307, 25071, 'ZOTACE180649', 'CAMPOS', 'EVELYN', 'URIARTE', 'LYN', '2018-06-30 15:32:37', '', 45, '', 2, '1949-12-19', '', '', '09186826888', '', 8, 23433, 30565, ''),
(308, 26153, 'PMEADJ190259', 'DORADO', 'JUDITH', 'DAYAG', 'BING', '2019-01-07 21:17:44', 'PUROK ROSAS, BUENAFLOR, TACURONG CITY', 116, '', 1, '1977-09-03', '', '', '09422008571', '', 34, 23089, 32389, ''),
(309, 26276, 'PMEAJM190301', 'JOSON', 'MERLITA', 'LOPEZ', 'MERLY', '2019-01-21 21:01:49', '', 116, '', 1, '1953-11-14', '764-4461', '', '', '', 34, 23091, 32567, ''),
(310, 26399, 'RYQNPV190113', 'PAGALAN', 'VINCENT JEAN', 'ABUT', 'VINCE', '2019-02-08 21:19:15', 'P-1 DULONG LIBERTAD, MISAMIS ORIENTAL', 79, '', 1, '1981-01-07', '', '', '09661549477', '', 36, 26397, 32762, ''),
(311, 23090, 'JWRBDE170005', 'DE CASTRO', 'ELSIE', 'PIALDA', '', '2017-09-20 12:56:30', 'CHARIFER BUILDER\'S INC DIVERSION RD MA-A', 116, 'cjsantiago@charifer.com', 3, '1969-04-20', '', '', '09262810364', '', 34, 23089, 27108, ''),
(312, 13103, 'S01FC00901  ', 'SALAR', 'FELICIDAD', 'C.', 'FELY', '2013-08-19 19:46:05', 'B9 L4 NATALIA AVE., BRGY SAN LUIS ANTIPOLO HILLS, ANTIPOLO CITY', 104, 'felysalar@yahoo.com', 3, '1961-03-07', '', '', '09975913039', '', 28, 10775, 13103, '09298870531'),
(313, 26004, 'COLVUA182607', 'ULNAGAN', 'AURORA', 'SAQUING', 'AU', '2018-12-01 15:05:58', '', 113, '', 2, '1960-09-28', '', '', '09357232235', '', 7, 8841, 32060, ''),
(314, 25363, 'JWDIGD180627', 'GUEVARRA', 'DOLORES', 'CUSTODIO', 'DOLOR', '2018-08-31 09:03:18', '4 PALIGNI, COLGANTE, APALIT PAMPANGA', 107, '', 3, '1951-03-16', '', '', '09331401522', '', 5, 19998, 31033, ''),
(315, 26073, 'VIRRDM181180', 'DISPO', 'MARISSA', 'BAUTISTA', 'MARIS', '2018-12-13 15:19:40', 'ZONE 3 SAN JOSE POBLACION 1, CITY OF SAN JOSE DEL MONTE, BULACAN', 114, '', 2, '1972-09-09', '', '', '09975043352', '', 10, 25651, 32212, ''),
(316, 26196, 'VIRRAE191193', 'ALARCON', 'EDGARDO', 'S.', '', '2019-01-10 12:37:16', '', 114, '', 1, '1920-01-01', '', '', '', '', 10, 17940, 32428, ''),
(317, 26173, 'PMEACJ190279', 'CABILING', 'JUDY ANN', 'GORIONA', '', '2019-01-07 21:20:48', 'PUROK 1, TALUNTALUNAN MAKILALA, NORTH COTABATO', 116, '', 1, '1920-01-01', '', '', '', '', 34, 23089, 32395, ''),
(318, 25881, 'RYQNGF180026', 'GO ', 'FE', '', 'FE', '2018-11-17 10:49:15', '8 - 88 SAPHIRE ST., LA SALLE VILLAGE, MABOLO, CEBU CITY', 71, '', 3, '1950-01-25', '232-1841', '345-1169', '09173221950', '', 36, 25555, 31879, ''),
(319, 15874, 'ZOARAV140030', 'AGUILAR', 'VIVIAN', 'DELOS SANTOS', 'VIVIAN', '2014-11-18 00:00:00', '487 STA. ROSA II MARILAO, BULACAN', 80, '', 3, '1960-12-02', '', '', '09954417758', '', 2, 485, 16018, ''),
(320, 26030, 'COLVUJ182622', 'UY', 'JULIETA', 'CONDE', 'HELEN', '2018-12-04 20:07:46', 'BLOCK 14, LOT 7, ZONE 2 AFP HOUSING BULIHAN, SILANG CAVITE', 72, '', 2, '1963-02-13', '', '', '09491412165', '', 7, 22177, 32085, ''),
(321, 26402, 'RYQNQQ190115', 'QUIROS', 'EULANE', 'SEGARA', 'LANIE', '2019-01-31 21:15:15', '', 71, '', 2, '1957-03-19', '', '', '09331971661', '', 36, 25555, 32759, '09176119701'),
(322, 25569, 'NTNTMV180002', 'MAURO', 'VIVENCIA', 'CABRERA', 'BB', '2018-10-09 11:52:59', 'CEBU CITY', 71, '', 3, '1960-06-02', '032 414 3484', '', '09338614987', '', 36, 25555, 31384, ''),
(323, 24759, 'PMEAMJ180046', 'MIRANDA', 'JANE', 'OLOFERNES', '', '2018-04-28 13:13:22', 'BLK 05 LOT 8 CARMELA HOMES BRGY. KATANGAWAN, GENSAN CITY', 116, '', 4, '1955-01-01', '', '', '09177150126', '', 34, 24733, 29994, ''),
(324, 26087, 'COMKAM180241', 'ANDAYA', 'MARIA ELENA', 'LEVANTINO', 'NE', '2018-12-15 16:34:29', '170 C. LAWIG EXT., BRGY. SAN ISIDRO, ANTIPOLO CITY', 104, '', 2, '1976-02-26', '', '', '09101788825', '', 28, 25588, 32253, ''),
(325, 26256, 'COMKSC190252', 'SOTTO', 'CHRISTELLE', 'ROMA', 'CRISTEL', '2019-01-19 10:49:16', 'LORES EXECUTIVE HOME, BRGY. DALIG, ANTIPOLO CITY', 104, 'christelle.sotto@gmail.com', 2, '1994-12-21', '', '', '09202856215', '', 28, 10807, 32541, ''),
(326, 16392, 'VIBVMG050003', 'MANAPIL', 'GILBERT', 'S.', 'GIL', '2005-08-08 00:00:00', '', 81, '', 3, '1953-03-10', '9844292', '', '09477456480', '', 24, 12958, 16661, ''),
(327, 26342, 'ZOTAAD190873', 'ANILAO', 'DYNA', 'BAWISAN', 'DYNE', '2019-01-26 11:42:39', 'MANAGPI, CALAPAN, ORIENTAL MINDORO', 45, '', 2, '1980-01-19', '', '', '', '', 8, 24037, 32666, ''),
(328, 26425, 'ZOTALD190893', 'LLANES ', 'DOLORES', 'LEANILLO', 'DHOLOR', '2019-02-16 19:54:02', 'SITIO SILANGAN, SAPUL CALAPAN CITY', 45, '', 1, '1974-01-15', '', '', '09203747210', '', 8, 16259, 32820, ''),
(329, 25214, 'PMEAMI180158', 'MERCADO', 'IRENE', 'FRASCO', 'AYEN', '2018-07-26 19:42:27', 'BLK 1 LOT 17 SARANGANI HOMES PHASE 2 , BRGY. SAN ISIDRO, GENERAL SANTOS CITY', 116, '', 3, '1971-04-05', '(083)553-2236', '(083)305-1803', '09177262714', '161-430-091', 34, 24989, 30793, ''),
(330, 26296, 'VIRRRC191234', 'RAAGAS', 'CLADIA', '', '', '2019-01-24 14:56:03', '', 114, '', 1, '1920-01-01', '', '', '', '', 10, 17940, 32608, ''),
(331, 26233, 'PMEALH190296', 'LANGCUAS', 'HELEN', 'MAKILANG', 'ANGA', '2019-01-14 15:27:47', '', 116, 'helen071567@yahoo.com', 1, '1967-07-15', '', '', '09106743949', '939-082-418', 34, 26232, 32498, ''),
(332, 17388, 'COPRTJ150004', 'TENGCO', 'JUANITA', 'CORONEL', 'NITA', '2015-05-20 20:18:44', 'B20 L26 ROBINSON HOMES EAST DAMIANA, BRGY SAN JOSE, ANTIPOLO CITY', 104, '', 3, '1950-08-18', '', '', '09228537522', '', 28, 10776, 18027, ''),
(333, 18470, 'ZOTACC150015', 'CASAPAO', 'CLEOFE', 'LUMALANG', 'OFFIE', '2015-11-28 00:00:00', '104 MORNING BREEZE, MASIPIT, CALAPAN CITY, ORIENTAL MINDORO', 45, 'offiecasapao@gmail.com', 2, '1959-04-09', '', '', '09158392264', '', 8, 16259, 19778, ''),
(334, 26170, 'PMEAPJ190276', 'PUTONG', 'JANNEL', 'ARENDAIN', '', '2019-01-07 21:19:02', 'SULOP DAVAO DEL SUR', 116, '', 1, '1920-01-01', '', '', '', '', 34, 23089, 32392, ''),
(335, 26193, 'VIRRCR191190', 'CORONADO', 'ROLANDO', '', '', '2019-01-10 12:33:12', '', 114, '', 1, '1920-01-01', '', '', '', '', 10, 17940, 32421, ''),
(336, 26382, 'RYQNJE190107', 'JACUTIN', 'EVELYN', '', '', '2019-02-05 16:53:16', '', 79, '', 1, '1920-01-01', '', '', '', '', 36, 25972, 32732, ''),
(337, 26405, 'RYQNPL190116', 'PAJARES', 'LEAFIL', 'LOSTE', 'NICOLE', '2019-01-31 13:58:35', 'DIVERSION ROAD BRGY. MAGAY TANAUAN, LEYTE', 71, '', 2, '1985-09-17', '', '', '09778067972', '', 36, 25994, 32771, ''),
(338, 26150, 'COBVVH190001', 'VERGARA', 'HERMES', '', '', '2019-01-07 18:58:43', '', 81, '', 2, '1920-01-01', '', '', '', '', 24, 12958, 32372, ''),
(339, 25884, 'RYQNVM180029', 'VALLEGA', 'MELODINA', '', 'BABY', '2018-11-17 13:22:50', 'SITIO MAHAYAHAY, BRGY. APAS, CEBU CITY', 71, '', 3, '1969-11-18', '', '', '09171603742', '', 36, 25634, 31889, ''),
(340, 23010, 'ZOTAZF170016', 'ZAMORA', 'FLORENCIA', '', '', '2017-09-02 12:06:03', '', 45, '', 3, '1920-01-01', '', '', '09273375216', '', 8, 22740, 26917, ''),
(341, 26319, 'VIRRCL191256', 'CANO', 'LORNA', '', '', '2019-01-24 18:06:35', '', 114, '', 1, '1920-01-01', '', '', '', '', 10, 17940, 32631, ''),
(342, 26213, 'VIRRCG191207', 'CAMPILLA', 'GRACE', '', '', '2019-01-10 15:38:38', '', 114, '', 1, '1920-01-01', '', '', '', '', 10, 17940, 32465, ''),
(343, 26362, 'PMEACQ190310', 'CATALUÑA', 'QUINE', 'MATUNOG', 'QUINE', '2019-02-04 20:02:35', '2ND BLK. PRK. SAMPAGUITA NEW ISABELA TACURONG CITY', 116, '', 1, '1996-09-10', '', '', '0930011878', '', 34, 25183, 32708, ''),
(344, 24547, 'ZOTABG180585', 'BARBER', 'GENOVEVA', 'GARDOCE', 'GENIE', '2018-03-17 15:58:09', 'BABANGONAN, VICTORIA, ORIENTAL MINDORO', 45, '', 3, '1965-01-03', '', '', '09988674902', '102-064-952', 8, 23010, 29594, ''),
(345, 8841, 'U01IC37901  ', 'ULNAGAN', 'IMELDA', 'C.', 'DADA', '2014-07-29 19:38:47', 'B8 L9-11 MT., MAYON ST., CRESTA VERDE SUBD., NOVALICHES, QC', 113, 'dps_icu@yahoo.com', 6, '1959-08-18', '', '', '09255456697', '148003383', 7, 11811, 8841, '09178121731'),
(346, 26236, 'PLSUQA191393', 'QUIÑO', 'ADELINA', 'MORALES', 'ADING', '2019-01-12 15:32:09', 'PUROK 5, LOWER CUBACUB, MANDUAE CITY', 71, '', 1, '1966-04-16', '', '', '09364037109', '', 12, 24582, 32500, ''),
(347, 24424, 'VIRRCA180979', 'COMPETENTE', 'AMALIA', 'B.', 'AMIE', '2018-02-22 13:15:14', '#4 AQUAMARINE ST., PINES CITY ROYALE SUBD., ANTIPOLO CITY', 114, 'amie.competente@gmail.com', 3, '1965-01-19', '6611266', '', '09274165204', '', 10, 24101, 29389, ''),
(348, 26090, 'COMKPF180244', 'PEREZ', 'FELECITO JR.', 'LAZARO', 'JON - JON', '2018-12-15 16:36:03', '2017 GEN LUNA EXT., BRGY. SAN ROQUE, ANTIPOLO CITY', 104, '', 1, '1977-11-03', '', '', '09304624000', '', 28, 25904, 32256, ''),
(349, 26339, 'ZOTARE190870', 'REYES', 'ELIZABETH', 'TABERNERO', 'BETH', '2019-01-26 11:36:40', 'POB 3 VICTORIA, ORIENTAL MINDORO', 45, '', 2, '1963-11-04', '(043)285-5524', '', '09999688754', '', 8, 23010, 32663, ''),
(350, 25652, 'NTNTGD180002', 'GABONA', 'DARWEN', '', 'PUTI', '2018-10-16 13:22:14', 'ANDRES ABELLANA EXT. GUADALUPE, CEBU CITY', 71, '', 3, '1981-12-12', '', '', '09255077187', '', 36, 25634, 31529, ''),
(351, 4155, 'D01ED52001  ', 'DANIEL', 'EUGENIA', 'D', 'GINA', '2008-09-15 20:00:00', 'TUAO NORTH, BAGABAG NUEVA VIZCAYA', 36, 'daniel_eugenia@yahoo.com', 7, '1959-12-25', '', '', '09175830395', '', 18, 4808, 4155, ''),
(352, 26385, 'RYQNDA190108', 'DATU', 'ANIPAH', 'SALAR', 'NIPS', '2019-02-07 18:38:12', 'ROOM 19D AZALEA PLACE CONDOMINIUM GORORDO AVE. CEBU CITY', 71, '', 2, '1978-01-05', '', '', '09156093375', '', 36, 25634, 32743, ''),
(353, 25944, 'COLVIJ182584', 'IGLESIAS', 'JUAN MARCO ALFONSO', 'GANDO', 'MARCO', '2018-11-23 15:32:21', '94 ROYAL PALM, PALMERA CENTRO, MARIKIN AHEIGHTS, MARIKINA CITY', 28, '', 1, '1997-06-05', '', '', '', '', 7, 1431, 31963, ''),
(354, 26336, 'ZOTAIM190867', 'IGNACIO', 'MYCA', 'AYAP', 'MYCA', '2019-01-26 11:28:37', 'SAN NARCISO, VICTORIA, ORIENTAL MINDORO', 45, '', 2, '1976-09-24', '', '', '09073372189', '', 8, 26122, 32660, ''),
(355, 26359, 'COLVPJ192654', 'PERRERAS', 'JOMAR', '', '', '2019-02-04 17:47:23', '', 113, '', 2, '1920-01-01', '', '', '', '', 7, 11811, 32701, ''),
(356, 22678, 'COLVLL171745', 'LEVARDO', 'LUCILA', 'CEPERIDAD', 'LUCY', '2017-07-07 18:31:08', '434 JM LOYOLA ST. CARMONA CAVITE', 72, 'lucilalevardo@yahoo.com', 5, '1951-07-29', '4130829', '', '09063646430', '', 7, 19703, 26251, ''),
(357, 26010, 'COLVCR182614', 'CARIAGA', 'ROWENA', '', '', '2018-12-01 15:04:07', '', 113, '', 2, '1920-01-01', '', '', '', '', 7, 8841, 32056, ''),
(358, 26259, 'COMKNR190255', 'NEGRO', 'RISALY', 'CIPRIANO', 'SALLY', '2019-01-19 11:01:51', 'LOT 12, BLOCK 3, GRABDVALLEY SUBD., ANGONO RIZAL', 104, '', 2, '1972-05-06', '', '', '09295022814', '', 28, 25906, 32544, ''),
(359, 26024, 'COLVVP182620', 'VILLALON', 'PATERNO', '', '', '2018-12-01 20:52:21', '', 113, '', 2, '1920-01-01', '', '', '', '', 7, 8841, 32080, ''),
(360, 10776, 'A01MV15801  ', 'AGUILAR', 'MARILYN', 'V.', 'MARLYN', '2014-01-14 20:00:00', 'B27 L14 DINAR ST., LORES SUBDIVISION,  ANTIPOLO CITY', 104, 'aguilarmarilyn_bosay@yahoo.com', 5, '1960-05-08', '', '', '09189903634', '', 28, 10775, 10776, '09493534786'),
(361, 25818, 'RYQNCL180020', 'CABALLES', 'LENI', 'CULI', '', '2018-11-10 11:48:44', 'BLOCK 1, LOT 1, SOLAPLAINS SUBD., YLAYA, TALAMBAN, CEBU CITY', 71, '', 2, '1976-11-28', '', '', '09177171928', '', 36, 25634, 31797, ''),
(362, 26316, 'VIRRLL191253', 'LUKANG', 'LOURDES', '', '', '2019-01-24 18:04:26', '', 114, '', 1, '1920-01-01', '', '', '', '', 10, 17940, 32628, ''),
(363, 26216, 'VIRRMB191210', 'MILITAR', 'BEVERLY', '', '', '2019-01-10 15:40:54', '', 114, '', 1, '1920-01-01', '', '', '', '', 10, 17940, 32468, ''),
(364, 26067, 'TZOMRA180031', 'RICO', 'AIDA', 'GARCIA', '', '2018-12-08 19:32:21', 'CALIGUIAN BURGOS ISABELA', 112, '', 1, '1963-04-28', '', '', '09985500322', '', 17, 18535, 32158, ''),
(365, 26133, 'COMKED180246', 'ESTOREL', 'DOMINGA', '', '', '2018-12-28 17:18:57', 'B25 LOT 21 SCHILLING ST. HOMES ANTIPOLO CITY', 104, '', 2, '1920-01-01', '', '', '', '', 28, 19000, 32329, ''),
(366, 26110, 'COLVMW182629', 'MANGLANLAN', 'WILBERT', 'DALUSONG', 'WILBERT', '2018-12-21 10:24:25', '2055 TRAMO ST., PASAY CITY', 72, '', 1, '1975-08-22', '', '', '09298235696', '', 7, 20398, 32294, ''),
(367, 26442, 'RYQNMJ190126', 'MARTEL', 'JUDITHA', 'BARUEL', 'JUDITH', '2019-02-25 17:14:39', '', 79, '', 1, '1967-08-02', '', '', '', '', 36, 25969, 32844, ''),
(368, 26156, 'PMEAJM190262', 'JORDAN', 'MELDRED', 'ARANDA', 'NDAY', '2019-01-07 20:51:52', 'GRIÑO, TACURONG CITY', 116, '', 1, '1979-01-01', '', '', '', '', 34, 23089, 32374, ''),
(369, 26302, 'VIRRHJ191240', 'HASHIMOTO', 'JAKAKUMI', '', '', '2019-01-24 15:06:33', '', 114, '', 1, '1920-01-01', '', '', '', '', 10, 17940, 32614, ''),
(370, 26093, 'PMEASN180256', 'SUNGKIP', 'NORA', 'P.', 'NORA', '2018-12-16 17:03:19', 'EDEN ST., MA - A, DAVO CITY', 116, '', 2, '1971-05-17', '', '286-7267', '09234806181', '171-442-954', 34, 26092, 32258, ''),
(371, 26047, 'COCHDA180018', 'DELUTE', 'ANNABELLE', 'SAMONTE', 'ANNA', '2018-12-07 20:30:52', 'bBLK 1 ROWENAS GARDEN BRGY DOLORES TAYTAY RIZAL', 104, '', 2, '1968-08-23', '', '', '9977703362', '', 15, 25876, 32122, ''),
(372, 26379, 'ZOTACG190879', 'CUYOS', 'GLENDA', 'SOLON', 'GLENDA', '2019-02-02 15:43:54', 'JUANA OSMEÑA EXT., KAMPUTHAW PUROK 8, CEBU CITY', 45, 'glenz_soyuc@yahoo.com', 2, '1966-03-14', '', '', '09339742298', '', 8, 16806, 32726, ''),
(373, 25655, 'NTNTKC180002', 'KIOK', 'CELESTIAL', '', 'TIAL', '2018-10-16 16:03:50', 'D.A. COMPOUND M. VELEZ ST. CEBU CITY', 71, '', 2, '1970-10-09', '', '', '09435723880', '', 36, 25652, 31548, ''),
(374, 26239, 'RYQNSS190086', 'SOTES', 'SUSAN', 'LIM', 'SUE', '2019-01-12 15:39:47', '333 15H VICTOR VILLAGE, TRES DE ABRIL, PUNTA PRINSESA, CEBU CITY', 71, 'slsotes@gmail.com', 1, '1957-09-21', '', '', '09770511755', '', 36, 25628, 32502, ''),
(375, 26027, 'VIBMLM180437', 'LASERNA', 'MARILOU', 'MOLINA', '', '2018-12-04 20:09:32', '', 9, '', 1, '1920-01-01', '', '', '', '', 3, 17635, 32088, ''),
(376, 26050, 'COCHAA180021', 'ALVAREZ', 'AMELIA', 'ACOSTA', 'AME', '2018-12-07 20:37:05', '563 MH DEL PILAR EXT. ANTIPOLO CITY', 104, '', 2, '1951-07-21', '', '', '09069730631', '', 15, 25875, 32125, ''),
(377, 26007, 'COLVJJ182610', 'JULAO', 'JENER', 'ELLORDA', '', '2018-12-01 15:05:36', '', 113, '', 3, '1920-01-01', '', '4617417', '09985407827', '', 7, 8841, 32059, ''),
(378, 16, 'M01LC70001  ', 'MARIANO', 'LORINA', 'C', 'LORRY', '2007-07-01 20:00:00', '1101 ALDAMA ST., STA BARBARA, BALIUAG, BULACAN', 108, '', 7, '1966-04-16', '', '', '09226020962', '', 12, 17, 16, ''),
(379, 26176, 'PMEABJ190282', 'BALILISA', 'JAYMIEL', 'COIE', '', '2019-01-07 21:33:41', 'BLOCK 14 A SARMIENTO VILLAGE, ILANG - ILANG ST. COR. DOÑA AURORA, PANACAN, DAVO CITY', 116, '', 1, '1920-01-01', '', '', '', '', 34, 23089, 32398, ''),
(380, 26070, 'VIRROG181177', 'OZAWA', 'GEMMA', 'ALVEYRA', '', '2018-12-08 20:53:33', 'SAN JOSE DEL MONTE BULACAN', 114, '', 1, '1920-01-01', '', '', '', '', 10, 25668, 32159, ''),
(381, 22177, 'COLVMC171611', 'MANANGAN', 'CARLITA', 'BALLESTEROS', 'LORY', '2017-03-07 21:19:49', 'BLK 61 LOT 15 BARANGAY IPIL I BULIHAN SILANG CAVITE', 72, '', 3, '1953-07-25', '', '', '09324290835', '', 7, 19705, 25305, ''),
(382, 26113, 'ZOTAMA180829', 'MANALO', 'AGNES', 'REYES', 'AGNES', '2018-12-22 12:46:15', 'POBLACION BACO, ORIENTAL MINDORO', 45, 'agnesmanalo@yahoomail.com', 1, '1957-12-11', '', '', '09478909655', '129-102-986', 8, 22832, 32304, ''),
(383, 5289, 'J01JC02901  ', 'JUAN', 'JESUSA', 'C', 'JESSIE', '2011-08-15 20:00:00', '0288 SULUKAN ST. SAN GABRIEL STA. MARIA BULACAN', 114, 'jesusa_juan@yahoo.com', 5, '1958-08-23', '', '', '09228434270', '172-004-811', 10, 2813, 5289, ''),
(384, 25017, 'PMEAGM180113', 'GAMUTIN', 'MARIA ZORINA', 'MUEGA', 'ZOR', '2018-06-16 13:08:15', 'LOT 7 BLK 7 PANHOSA VILL. GREDU, PANABO CITY', 116, '', 3, '1967-03-29', '082-3300186', '', '09177016861', '', 34, 23089, 30443, ''),
(385, 26345, 'ZOTAME190876', 'MENDOZA', 'EMELINDA', 'ABIA', 'LINDA', '2019-01-26 11:48:35', '056 LOPEZ SUBD., STO. NIÑO, CALAPAN CITY', 45, '', 2, '1947-04-07', '', '', '09294370482', '140-652-895', 8, 25279, 32669, ''),
(386, 2226, 'V01TJ12901  ', 'VENTURILLO', 'TERESITA', 'J.', 'TESS', '2014-06-07 11:37:12', '522 ROAD 3 ZIRCON ST., PALMERA HOMES 2, TAYTAY, RIZAL', 80, '', 5, '1952-03-02', '', '', '09208237415', '', 2, 1037, 2226, '09429803760'),
(387, 26199, 'VIRRPM191195', 'PROSPERO', 'MARIA', 'R.', '', '2019-01-10 18:24:46', '', 114, '', 1, '1920-01-01', '', '', '', '', 10, 17940, 32445, ''),
(388, 26391, 'VIRRYB191263', 'YUSI', 'BABYLYN', 'TOLENTINO', '', '2019-02-07 19:16:20', 'BLK 143 LOT 7 N. HATELAPAYONG PUROK 8 ARAYAT, PAMPANGA', 114, '', 3, '1976-09-20', '', '', '09455514853', '', 10, 17940, 32781, ''),
(389, 26245, 'VIRRGS191218', 'GERONA', 'SUSANA', 'SANTOS', '', '2019-01-17 20:44:09', '7 B EMERALD ST., PINES CITY, ROYALE ANTIPOLO CITY', 114, '', 2, '1920-01-01', '', '', '', '', 10, 24424, 32517, ''),
(390, 26096, 'RYQNBR180077', 'BANAAG', 'ROWELA', 'NAVARRO', 'WEL', '2018-12-19 12:26:03', 'PHASE 3A, LOT 6, BLOCK 6, CAMELLA HOMES, TIERRA GRANDE, LAWAAN 1, TALISAY CITY', 71, '', 2, '1990-12-26', '', '', '09429762564', '', 36, 25852, 32270, ''),
(391, 26288, 'COLVBD192641', 'BASIO', 'DIOSDADO', '', '', '2019-01-22 21:06:41', 'BLK 1, LOT 2 CRISANTIMUM ST., GREEN MEADOWS SUBD., DAVAO CITY', 113, '', 1, '1920-01-01', '', '', '', '', 7, 25404, 32595, ''),
(392, 26265, 'COMKAL190261', 'ANORMA', 'LYDIA', 'VELA', 'LYD', '2019-01-19 11:23:39', 'STINELLEVILLE SUBD., ANTIPOLO CITY', 104, '', 2, '1950-10-20', '', '', '', '', 28, 10776, 32550, ''),
(393, 25555, 'NTNTBJ180002', 'BASCO', 'FE JOSEFINA', '', 'FE', '2018-10-05 19:47:31', '12 A ZULUETA ST. CEBU CITY', 71, '', 7, '1944-03-20', '(032)354-6748', '', '09171060784', '', 36, 18917, 31362, '09235770950'),
(394, 26122, 'ZOTAFS180838', 'FORTUS', 'SUSAN', 'DONATO', 'SUSAN', '2018-12-22 12:46:49', 'POBLACION 1, VICTORIA, ORIENTAL MINDORO', 45, '', 2, '1962-02-15', '', '', '09585574339', '', 8, 24547, 32313, ''),
(395, 10639, 'M01GD87301  ', 'MORAGA', 'GLENDA', 'D', 'LOIDA', '2008-04-26 11:31:34', '#26 P. FAUSTINO STREET PUNTURIN, VALENZUELA CITY', 114, '', 5, '1970-10-28', '', '', '09262656614', '178-794-559', 10, 10640, 10639, ''),
(396, 26053, 'JWDISP180652', 'SICAT', 'PRICILA', 'DE JESUS', 'CILA', '2018-12-07 20:50:09', '150 BAGONG PAGASA SUBD SAN VICENTE APALIT PAMPANGA', 107, '', 2, '1944-12-01', '', '', '', '', 5, 25363, 32132, ''),
(397, 26365, 'RYQNBT190095', 'BONCILLO', 'TERESITAS', 'JASON', '', '2019-02-02 20:08:01', '', 79, '', 1, '1920-01-01', '', '', '', '', 36, 25690, 32712, ''),
(398, 26222, 'VIRROA191216', 'OLAN', 'AMPARO', 'C', '', '2019-01-10 18:32:07', '', 114, '', 1, '1920-01-01', '', '', '', '', 10, 17940, 32476, ''),
(399, 25581, 'COLVRG182499', 'RAMOS', 'GRACE', 'D.', 'GRACE', '2018-10-11 20:23:27', '107 UPO ST. MANGGAHAN NAPICO PASIG', 28, '', 2, '1964-03-23', '', '', '09059258357', '', 7, 734, 31477, ''),
(400, 25183, 'PMEAAM180147', 'AGUELO', 'MA. KHARINE', 'CATALUNA', 'KHAKAY', '2018-07-21 16:24:06', 'BLK 2 PRK. SAMPAGUITA, NEW ISABELA TACURONG', 116, '', 3, '1982-11-01', '', '', '09184594382', '', 34, 24759, 30725, ''),
(401, 19000, 'COPREM160017', 'ESCOVER', 'MARCELA', 'MORAL', 'CEL', '2016-02-25 12:17:16', 'B25 L21 SCHILLING ST. LORES COUNTRY HOMES,  ANTIPOLO CITY', 104, 'celescover@yahoo.com', 3, '1962-06-29', '', '', '0916344629', '', 28, 10776, 20624, ''),
(402, 26225, 'VIRRDR191217', 'DELFIN', 'ROLANDO', '', '', '2019-01-14 14:59:44', '', 114, '', 2, '1920-01-01', '', '', '', '', 10, 18829, 32482, ''),
(403, 26202, 'VIRRCA191198', 'CRAWLEY', 'AILEEN VALERIE', 'P.', '', '2019-01-10 15:43:53', '', 114, '', 2, '1920-01-01', '', '', '', '', 10, 17940, 32443, ''),
(404, 26033, 'ZOLOMC180606', 'MARIANO', 'CHRISTIAN KIM', 'CERVANTES', 'KIM', '2018-12-04 15:31:53', '401 LIGADA, BUSTOS, BULACAN', 80, '', 1, '1991-05-05', '', '', '09167800505', '', 2, 25983, 32094, ''),
(405, 17981, 'COLVBS150579', 'BALCE', 'SARAH', 'ESCOBIDO', 'SARAH', '2015-08-25 10:46:35', '46 HOLDEN ST. VILLAGE EAST CAINTA RIZAL', 28, 'sfj8383@yahoo.com', 4, '1966-10-03', '477-26-35', '', '09399370596', '', 7, 733, 18860, ''),
(406, 26139, 'PLSUSM181391', 'SANTOS', 'MYRA', 'ABO', 'MYR', '2018-12-28 13:19:57', '005 SGT., DE LEON ST., SANTOLAN, PASIG CITY', 30, 'myrsasantos.abo@gmail.com', 2, '1970-04-13', '359-9421', '', '09178056420', '153-270-015', 12, 177, 32335, ''),
(407, 26099, 'RYQNCP180080', 'CATALUÑA', 'PAOLO CHINO', 'BACON', 'CHINO', '2018-12-19 15:01:37', '21 - H ADELFA ST., SAN JOSE VILLAGE, TISA, CEBU CITY', 71, '', 2, '1968-10-14', '', '', '09226017190', '', 36, 25655, 32273, ''),
(408, 24582, 'PLSUGE181252', 'GONZALES', 'ELVIRA', 'VELAYO', '', '2018-03-24 16:05:27', '#4 H. ABELLANA ST. TAWASON, MANDAUE CITY', 108, 'elviegonzales1965@gmail.com', 3, '1965-11-13', '', '', '09177284813', '', 12, 177, 29654, ''),
(409, 25080, 'ZOTALJ180658', 'LIM', 'JEAN', 'ZAMORA', 'JEAN', '2018-06-30 15:34:44', 'BLOCK 39 LOT 9 SAN NINO, NEO CALAPAN CITY, ORIENTAL MINDORO', 45, '', 3, '1963-10-15', '', '', '09950810053', '', 8, 22832, 30567, ''),
(410, 26076, 'VIRREJ181183', 'ESTRELLA', 'JOBELYN', 'ALBERTO', '', '2018-12-13 16:15:19', 'BLOCK 7, LOT 19, ANTHURIUM ST, LORES SUBD., ANTIPOLO CITY', 114, '', 1, '1993-03-27', '912-3832', '', '', '', 10, 26071, 32219, ''),
(411, 26056, 'JWDIRG180649', 'ROXAS', 'GEORGE', 'CASTAÑEDA', 'GEORGE', '2018-12-07 20:47:35', 'CHAMPACA CADUANG TETE MACABEBE PAMPANGA', 107, '', 3, '1962-08-01', '', '', '09433286655', '', 5, 19998, 32130, ''),
(412, 4808, 'B01JJ42101  ', 'BALITON', 'JULIE', 'J', 'JULIE', '2007-11-12 20:00:00', '# 3 MAGSAYSAY ST., SALVACION BAYOMBONG, NUEVA VIZCAYA', 36, '', 3, '1951-07-09', '09164838707', '', '09267159124', '', 18, 7356, 4808, ''),
(413, 11841, 'D01MB81801  ', 'DAYAG', 'MARJORIE', 'B', 'MAJOE', '2014-04-22 20:00:00', ' ', 28, 'dayagmajoe_28@yahoo.com', 3, '1983-05-28', '', '', '09393524805', '', 7, 734, 11841, ''),
(414, 26013, 'RYQNPE180062', 'PUZON', 'ESTRELLA', 'SEREÑO', 'STAR', '2018-12-01 15:43:41', 'POBLACION MADIAN, CEBU', 71, 'starpuzon@yahoo.com', 2, '1960-06-15', '(032)475-9259', '', '09175633262', '220-264-134', 36, 25569, 32066, ''),
(415, 26268, 'VIRRGJ191224', 'GABIDO', 'JOSE MICHAEL', '', '', '2019-01-11 17:09:37', '', 114, '', 1, '1920-01-01', '', '', '', '', 10, 17940, 32555, ''),
(416, 26119, 'ZOTADC180835', 'DE VILLA', 'CECILIA', 'GARGULLO', 'CECILLE', '2018-12-22 12:46:37', 'POBLACION 1, VICTORIA, ORIENTAL MINDORO', 45, '', 2, '1963-11-29', '', '', '09989820898', '', 8, 25829, 32310, ''),
(417, 26162, 'PMEAJA190268', 'JORDAN', 'ANNABELLE', 'TACOLOD', 'INDAY', '2019-01-07 21:13:53', 'BRGY. GRIÑO, RACURONG CITY', 116, '', 1, '1978-07-27', '', '', '09057640803', '', 34, 23089, 32383, ''),
(418, 26182, 'PMEACC190288', 'CABATINGAN', 'CHRISTIAN', 'BIÑAS', 'CHRISTIAN', '2019-01-07 22:16:29', '', 116, '', 1, '1999-12-27', '', '', '', '', 34, 24731, 32405, ''),
(419, 26205, 'PMEAAH190292', 'ACEBEROS', 'HILDA', '', '', '2019-01-10 20:31:08', '', 116, '', 1, '1920-01-01', '', '', '', '', 34, 24731, 32449, ''),
(420, 26136, 'PLSUCG181389', 'CRUZ', 'GERALD', 'IRINCO', '', '2018-12-21 13:20:57', '0743 STA. BARBARA, BALIWAG, BULACAN', 108, '', 2, '1920-01-01', '', '', '', '', 12, 17, 32336, ''),
(421, 26159, 'PMEACR190265', 'CLAUDIO', 'ROWENA', 'PECONCILLO', 'WHENG', '2019-01-07 21:15:42', 'PUROK 14 - A, GLORYVILLE, BRGY. KATANGAWAN, GENERAL SANTOS CITY', 116, '', 1, '1991-03-25', '', '', '09073093791', '', 34, 23089, 32386, ''),
(422, 26351, 'PMEACR190305', 'CHIONG', 'RAQUEL MARIE', '', '', '2019-01-31 13:31:31', '', 116, '', 2, '1920-01-01', '', '', '', '', 34, 25017, 32686, ''),
(423, 25664, 'RYQNTA180002', 'TIONG', 'ADELFA', 'TAN', '', '2018-10-18 11:21:26', 'CEBU CITY', 71, '', 2, '1953-08-29', '5145655', '', '09227614907', '', 36, 25628, 31574, ''),
(424, 26036, 'RYQNSI180067', 'SILVA', 'IDA', 'MACAPOBRE', 'IDS', '2018-12-05 20:25:13', '10 HAPPY VALLEY SUBD., GUADALUPE, CEBU CITY', 71, '', 2, '1958-01-30', '', '253-0024', '09176239227', '', 36, 26022, 32098, ''),
(425, 26282, 'COLVME192635', 'MARAVILLA', 'EMILIANO', 'PADREJUAN', 'EMMHIL', '2019-01-22 13:21:20', '347 ALTURA EXT., STA MESA, MANILA', 28, 'emmhil20001@yahoo.com', 2, '1964-10-23', '', '', '09062439509', '140-103-887', 7, 26186, 32584, ''),
(426, 26408, 'ZOTAAE190883', 'AMANDORON', 'ERIKA', 'VISTAL', 'ERIKA', '2019-02-09 14:19:44', '0982 JUANA OSMENA EXT. CEBU CITY', 45, '', 1, '2000-09-20', '', '', '09272070742', '', 8, 16419, 32787, ''),
(427, 26428, 'ZOTABE190896', 'BARONE', 'EDNA', 'LAGUERTA', 'BABY', '2019-02-19 20:02:07', 'PCC SITE RD 2. MASIPIT CALAPAN CITY OR MDO.', 45, '', 2, '1956-11-06', '', '', '09198476059', '', 8, 25080, 32824, ''),
(428, 26079, 'RYQNNP180073', 'NELLAS', 'PAULINELIZA', 'PADERANGA', 'PULIN', '2018-12-14 16:06:08', 'RER SUBD., PHASE 2, KAUSWAGAN CDO', 79, '', 1, '1967-06-06', '', '', '09057738168', '', 36, 25969, 32217, ''),
(429, 14947, 'U01SL60101  ', 'UY', 'SHIRLEY', 'L', 'SHE', '2009-04-20 20:00:00', 'TUROD, REINA MERCEDES, ISABELA ', 112, '', 6, '1963-10-22', '09285221213', '', '09175697198', '', 17, 15566, 14947, ''),
(430, 24101, 'VIRRAI180940', 'ADOLFO', 'IMELDA', 'BORINGOT', 'MHEL', '2018-01-06 12:13:52', ' BLOCK 11, LOT 30, ILANG ILANG STREET, LORES EXECUTIVE\r\n BRGY. DALIG, ANTIPOLO CITY', 114, '', 3, '1970-05-22', '', '', '09556724225', '223-641-355', 10, 17940, 28751, ''),
(431, 26059, 'RYQNTA180069', 'TAN', 'ANN', 'PANGILINAN', 'ANN', '2018-12-07 11:22:32', '7 - 087 PAGSABUNGAN, MANDAUE CITY, CEBU', 71, 'lobalane@yahoo.com', 2, '1963-04-18', '421-1103', '268-6798', '09155543738', '102-559-051', 36, 26022, 32136, ''),
(432, 26308, 'VIRRUM191246', 'URCIA', 'MARIA TERESA', '', '', '2019-01-24 15:19:20', '', 114, '', 1, '1920-01-01', '', '', '', '', 10, 17940, 32620, ''),
(433, 26116, 'ZOTACE180832', 'CLEOFE', 'EMMANUEL', 'CARAIG', 'MANNY', '2018-12-22 12:46:26', 'BRGY SALONG, CALAPAN CITY, ORIENTAL MINDORO', 45, '', 1, '1979-03-04', '', '', '0955530313', '', 8, 25279, 32307, ''),
(434, 26016, 'COLVGJ182616', 'GONZALES', 'JORELL', 'A.', 'JORELL', '2018-12-01 17:29:09', '', 113, '', 2, '1983-09-01', '', '', '0977006+7500', '', 7, 8841, 32071, ''),
(435, 26348, 'VIRRLL191257', 'LAPLANA', 'LEANIE', 'SISON', 'BAVES', '2019-01-26 19:34:04', 'PA - 141 UPPER WANGAL, LA TRINIDAD, BENGUET', 114, 'leanielaplana@yahoo.com', 2, '1965-02-23', '', '', '09228241158', '', 10, 10639, 32681, ''),
(436, 26039, 'ZOTAGA180821', 'GO', 'ALBERTO', 'FORWOLLES', 'AL', '2018-12-06 20:22:39', 'MANDAUE CITY', 45, '', 2, '1950-03-26', '422-7693', '422-7693', '09228974612', '', 8, 25888, 32103, ''),
(437, 26371, 'COLVMV192655', 'MONTIERRO', 'VIRGINIA', 'MONTIERRO', 'VIRGIE', '2019-02-05 10:52:43', 'BLOCK 1, LOT 11 SITIO MENDEZ, BAESA, QUEZON CITY', 113, '', 1, '1949-04-07', '', '', '09202020477', '', 7, 26007, 32718, ''),
(438, 26179, 'PMEACS190285', 'COMAINGKING', 'SANDY JANE', 'PEREZ', '', '2019-01-07 21:35:21', 'PUROK 13, POB. SULOP, DAVAO DEL SUR', 116, '', 1, '1920-01-01', '', '', '', '', 34, 23089, 32401, ''),
(439, 26325, 'COLVMM192651', 'MARAVILLA', 'MIGUEL', 'JASARINO', 'MIKE', '2019-01-25 20:08:56', '49 BRGY TUBIGAN, BIÑAN, LAGUNA', 72, '', 2, '1961-05-08', '', '', '09222332517', '123-490-431', 7, 25722, 32640, ''),
(440, 26434, 'RYQNPL190119', 'PACADA', 'LORNA', 'IBO', 'LORN', '2019-02-11 21:50:19', 'TISA MOTRA MOHON I', 71, '', 2, '1957-06-14', '2564539', '', '', '', 36, 25628, 32832, ''),
(441, 26285, 'COLVJP192638', 'JULAO', 'PATRIA LAILA', 'PERALTA', 'PATTY', '2019-01-22 13:28:46', 'BLK 121, LOT 1, PESETA COR., FRANC ST., NORTH FAIRVIEW, PHASE 8, QUEZON CITY', 113, '', 1, '1969-09-08', '461-7417', '', '09178069060', '', 7, 26007, 32587, ''),
(442, 26388, 'TZRXTJ190387', 'TAROMA', 'JUSTINE MARGARET', 'J', '', '2019-02-10 17:51:17', 'BAYOMBONG, NUEVA VIZCAYA', 36, '', 2, '1920-01-01', '', '', '', '', 18, 4808, 32765, ''),
(443, 26431, 'ZOTAVM190899', 'VIRAY', 'MA. MELODY', 'ALO', 'ODIE', '2019-02-16 20:29:45', 'BRGY. SAMPAGUITA NAUJAN, ORIENTAL MINDORO', 45, '', 2, '1968-11-08', '', '', '09215738068', '', 8, 22831, 32827, ''),
(444, 26242, 'RYQNKM190088', 'KALINDOY', 'MARIA NELSA', 'M.', 'NELSA', '2019-01-14 16:49:56', 'VSG SUBD., WANGKA ST., CONSOLACION', 71, '', 2, '1952-01-21', '', '', '09324184680', '', 36, 26022, 32509, ''),
(445, 26219, 'VIRRMA191213', 'MARTINEZ', 'ANNALIZA', 'LANGIT', '', '2019-01-11 16:35:45', '', 114, '', 1, '1920-01-01', '', '', '', '', 10, 20124, 32473, ''),
(446, 25266, 'COLVMR182437', 'MANZANO', 'RUBY ROSA', 'CRUZ', 'RUBY', '2018-08-07 12:56:28', '20 RUBY ST. FERN VILLAGE DILIMAN, QUEZON CITY', 113, '', 3, '1956-01-31', '5526901', '', '09194527649', '', 7, 17678, 30854, ''),
(447, 26305, 'VIRRUM191243', 'URSOLINO', 'MADONNA', '', '', '2019-01-24 15:09:34', '', 114, '', 1, '1920-01-01', '', '', '', '', 10, 17940, 32617, ''),
(448, 26368, 'RYQNPA190098', 'PIMENTEL', 'AVELINA', 'Z', '', '2019-02-04 20:12:41', '21TH ST. NAZARETH CAGAYAN DE ORO CITY', 79, '', 3, '1920-01-01', '', '', '', '', 36, 25690, 32715, ''),
(449, 26262, 'COMKVC190258', 'VIRTUS', 'CRISTINA', 'E.', 'CRISTY', '2019-01-19 11:15:59', '', 104, '', 2, '1964-09-28', '', '', '09179734899', '118-960-115', 28, 25906, 32547, ''),
(450, 26411, 'COMKBM190264', 'BERNARDINO', 'MORENA', 'SY', '', '2019-02-16 17:45:07', 'BLK 31 LOT 9 JALAPENO ST. ROBINSON HOMES, ANTIPOLO CITY', 104, '', 2, '1920-01-01', '', '', '09756995783', '', 28, 26088, 32793, ''),
(451, 26088, 'COMKVM180242', 'VALDEZ', 'MARICAR', 'APOSTOL', 'CAR', '2018-12-15 16:35:13', '55 J. SUMULONG ST., BRGY. SAN ROQUE, ANTIPOLO CITY', 104, '', 2, '1976-03-04', '', '234-9891', '09491576817', '', 28, 10807, 32254, ''),
(452, 26188, 'PMEABM190294', 'BEATISULA', 'MARJORIE', '', '', '2019-01-07 17:20:58', '', 116, '', 1, '1920-01-01', '', '', '', '', 34, 24731, 32490, ''),
(453, 26437, 'RYQNSP190121', 'SUSUSCO', 'PELAGIA', 'BARUEL', 'PELING', '2019-02-25 17:14:21', 'SUGARLAND LUMBO, VALENCIA CITY', 79, '', 1, '1963-07-19', '', '', '09177009261', '', 36, 25969, 32839, ''),
(454, 26234, 'PMEAQR190297', 'QUIÑANOLA', 'RHYS KRISTINE', '', 'STIN', '2019-01-14 15:22:03', 'JPMI SUBD., PUROK 49, MA - A, DAVAO CITY', 116, '', 1, '1997-12-09', '244-1509', '', '09287263165', '', 34, 26232, 32497, ''),
(455, 26380, 'RYQNIB190105', 'ILAGUISON', 'BELINDA', 'ISAAC', '', '2019-02-04 15:46:09', 'BRIZA SUBD., CONSOLACION, CEBU', 71, '', 1, '1920-01-01', '', '', '', '', 36, 26240, 32727, ''),
(456, 26291, 'COLVVE192644', 'VASQUEZ', 'EDNA', '', '', '2019-01-22 21:10:31', 'BLK 1, LOT 2 CRISANTIMUM ST., DAVAO CITY', 113, '', 1, '1920-01-01', '', '', '', '', 7, 25404, 32598, ''),
(457, 26334, 'ZOTACF190865', 'CATIBOG', 'FLOZERPIDA', 'RUBIO', 'PIDA', '2019-01-26 11:24:29', '147 DAISY ST., TAWIRAN CALAPAN CITY, ORIENTAL MINDORO', 45, '', 1, '1960-02-02', '', '', '09292143825', '904-963-227', 8, 26333, 32658, ''),
(458, 2779, 'B01NC82601  ', 'BAER', 'NELSON', 'C.', 'SON', '2012-05-19 16:52:53', '26 GENERAL ESPINA ST., TAGUIG, MANILA', 99, '', 4, '1975-03-06', '', '', '09151581629', '', 14, 16, 2779, ''),
(459, 26042, 'ZOLODM180608', 'DARILAY', 'MARIA JESSA', 'GARCIA', 'MJ', '2018-12-06 18:49:32', 'BLK 7 LOT 19 SILVERDALE TANGOS BALIUAG  BULACAN', 80, '', 2, '1990-05-20', '', '', '09267387058', '', 2, 24987, 32116, '09171636113'),
(460, 26337, 'ZOTACB190868', 'COL-LONG', 'BENNY BERNADETTE', 'GARDOCE', '', '2019-01-26 11:31:27', 'BLOCK 35, LOT 25 MOLAVE VILLAGE, NEO CALAPAN, STO. NIÑO, CALAPAN CITY', 45, '', 2, '1984-11-10', '', '(043)288-1115', '09985440087', '', 8, 24547, 32661, ''),
(461, 177, 'C01CP34301  ', 'CASIANO', 'CORNELIA', 'P', 'NELLY', '2007-11-26 20:00:00', '43 FRANCE ST., BETTER LIVING SUBD. PARANAQUE CITY', 108, '', 6, '1951-04-14', '', '', '09177949152', '', 12, 16, 177, ''),
(462, 26145, 'RYQNTE190085', 'TUYOR', 'ESMERALDA', 'MAR', 'MEME', '2019-01-04 14:56:28', '183 - A SALVADOR EXTENSION, LABANGON, CEBU CITY', 71, '', 2, '1962-03-16', '', '', '09332331541', '168-903-982', 36, 25570, 32367, ''),
(463, 19487, 'ZOTAMM160416', 'MAUR', 'MARILYN', 'ROLDAN', 'MALYN', '2016-05-21 00:00:00', 'POBLACION 2, VICTORIA, ORIENTAL MINDORO', 45, '', 3, '1953-09-14', '', '', '09167155522', '', 8, 16259, 21430, ''),
(464, 25524, 'ZOTAMJ180741', 'MALE', 'JENNETH', 'ARENAS', 'NETH', '2018-09-29 11:54:56', 'MASIPIT CALAPAN CITY ORIENTAL MINDORO', 45, 'jennethmale@gmail.com', 2, '1975-07-05', '', '', '09287757328', '912-233-476', 8, 24205, 31306, ''),
(465, 26022, 'RYQNSC180066', 'SANIEL', 'CHRIS EVONNE', 'PIMENTEL', 'CHRIS', '2018-12-03 20:39:51', 'COA CEBU', 71, '', 3, '1972-12-19', '354-9408', '255-2032', '09177010405', '', 36, 25884, 32078, ''),
(466, 26414, 'COMKRC190267', 'REBANO', 'CECILIA', 'SONGALIA', 'EXA', '2019-02-16 19:28:47', 'B18 L26.27 DINAR ST. LORES COUNTRY HOMES', 104, '', 2, '1966-08-04', '5719553', '', '09398842517', '', 28, 10776, 32796, ''),
(467, 26357, 'VIRRSV191260', 'SALAS', 'VERNA', 'VALERA', '', '2019-02-02 11:42:03', 'LAGRO, QUEZON CITY', 114, '', 1, '1965-05-09', '', '', '', '', 10, 26248, 32695, ''),
(468, 26065, 'ZOTACV180825', 'CASAPAO', 'VERONICA FAYE', '', '', '2018-12-10 17:44:54', '', 45, '', 1, '1920-01-01', '', '', '', '', 8, 18470, 32149, ''),
(469, 26314, 'VIRRAR191252', 'ABEL', 'RUBY', '', '', '2019-01-24 15:29:08', '', 114, '', 1, '1920-01-01', '', '', '', '', 10, 17940, 32626, ''),
(470, 26165, 'PMEATT190271', 'TALAMOR', 'TESSIE', 'JORDAN', 'TESS', '2019-01-07 21:13:15', 'PUROK LABRADOR, GRIÑO, TACURONG', 116, '', 1, '1959-11-01', '', '', '09217539749', '138-258-719', 34, 23089, 32382, ''),
(471, 26394, 'VIRRFC191266', 'FLORES', 'CATHERINE', 'SOLIMAN', '', '2019-02-07 16:58:25', '221 C. LAWIS EXT. BRGY. SAN ISIDRO, ANTIPOLO CITY', 114, '', 1, '1920-01-01', '', '', '09217168525', '', 10, 22662, 32776, ''),
(472, 25876, 'COCHJC180013', 'JUAN', 'CHARO', 'GANDULA', 'SHARON', '2018-11-16 09:19:03', 'BLOCK 13, LOT 13, SITIO BAGUNG BUHAY TANAG, BRGY. SAN JOSE ANTIPOLO CITY', 104, '', 2, '1983-05-06', '423-2112', '', '09991616841', '', 15, 25679, 31876, ''),
(473, 26417, 'COMKGG190270', 'GULTIAN', 'GENALYN', 'ALVARO', 'JENNY', '2019-02-16 17:49:01', 'LOWER CITADEL BRGY. DELA PAZ, ANTIPOLO CITY', 104, '', 2, '1920-01-01', '', '', '09653648435', '', 28, 26412, 32795, ''),
(474, 26108, 'COLVTJ182627', 'TALATALA', 'JANNE CHRISTINE', 'MANGALDON', 'CHRISTINE', '2018-12-21 09:05:27', 'BLOCK 275, LOT 13, ZONE 10, AFP HOUSING BULIHAN, SILANG, CAVITE', 72, '', 2, '1995-08-02', '', '', '09506288361', '', 7, 21252, 32286, ''),
(475, 26045, 'COCHPJ180016', 'PILI', 'JULIET', 'DELIMA', '', '2018-12-07 20:53:29', 'BLK 7 LOT 3 BRGY SAN ROQUE ANTIPOLO CITY NAZARENEVILLE', 104, '', 1, '1959-01-16', '', '', '09460584824', '', 15, 24560, 32135, ''),
(476, 26248, 'VIRRSN191219', 'SALAS', 'NILDA', 'INOBAYA', 'NILDA', '2019-01-17 11:32:11', 'BLOCK 24, OT 41, GLORY ST., DIAMOND CREST VILLAGE, SAN JOSE, BULACAN', 114, '', 3, '1936-11-11', '', '', '09086855943', '', 10, 24620, 32521, ''),
(477, 26377, 'RYQNBM190103', 'BASCON', 'MARIA CORAZON', 'MARQUEZ', 'CHONIE', '2019-02-04 11:57:47', '621 BURGOS ST., DUMLOG, TALISAY CITY, CEBU', 71, '', 1, '1958-06-11', '', '', '09324921498', '', 36, 26240, 32724, ''),
(478, 26331, 'ZOTAMJ190862', 'MONTOYA', 'JHONALYN', 'ARETA', 'JONAH', '2019-01-26 12:52:33', 'IBABA WEST CALAPAN, ORIENTAL MINDORO', 45, '', 1, '1992-01-15', '', '', '09489469647', '', 8, 25279, 32652, ''),
(479, 26185, 'COLVSM192630', 'SESCON', 'MAE', 'CAPISTRANO', 'MAE', '2019-01-09 12:54:14', 'TANDANG SORA, QUEZON CITY', 28, '', 1, '1985-02-11', '633-8447', '', '', '', 7, 11841, 32411, ''),
(480, 26440, 'RYQNGJ190124', 'GABULE', 'JESSIELOU', 'BARUEL', 'JOYJOY', '2019-02-25 17:14:31', 'P-3A POBLACION VALENCIA CITY', 79, '', 1, '1989-12-14', '', '', '09177005261', '', 36, 25969, 32842, ''),
(481, 17678, 'COLVDB150520', 'DRIZ', 'BENILDA', 'SALIENDRA', 'ERNIE', '2015-07-14 16:06:40', 'CEDAR ST. MEADOWOOD BACOOR CITY', 113, 'eniedriz@yahoo.com', 3, '1920-01-01', '', '', '09273464266', '', 7, 8808, 18469, ''),
(482, 17635, 'VIBMGC150119', 'GARCIA', 'CECILIA', 'DIMAPILIS', 'CECILLE', '2015-07-07 21:48:26', '3579 CLEMENTE CPD. GEN. T. DE LEON VALENZUELA CITY', 9, '', 3, '1966-09-30', '4457596', '', '09177327784', '', 3, 15879, 18404, ''),
(483, 26025, 'COLVTM182621', 'TANONGON', 'MYRNA', '', '', '2018-12-03 21:05:46', '', 113, '', 1, '1920-01-01', '', '', '', '', 7, 25404, 32081, ''),
(484, 24625, 'VIRRAF181013', 'AGBAYANI', 'FELY', 'ROBINION', 'FELY', '2018-04-12 12:12:12', 'PHASE 2 LOT 48 SITIO KNIGHTS OF COLUMBUS, SAN ROQUE\r\nANTIPOLO CITY', 114, '', 2, '1961-06-04', '5712482', '8970635', '09054476617', '', 10, 24424, 29748, ''),
(485, 26005, 'COLVPH182608', 'PORDAN', 'HENRICH', '', '', '2018-12-01 15:07:19', 'BLK 11 LOT 15 A TALISAY ST AMPARO SUBD CALOOCAN CITY', 113, '', 2, '1920-01-01', '', '', '09255046873', '', 7, 8841, 32062, ''),
(486, 25833, 'VIRRSE181156', 'SINGSON', 'EMILIA', 'DURANO', 'MEL', '2018-11-10 11:34:30', '1060 PC HILLS APAS, CEBU CITY', 71, '', 2, '1957-05-22', '260-0645', '', '09438482165', '', 10, 24769, 31817, ''),
(487, 26354, 'PMEAYE190308', 'YGONA', 'EDNA', '', '', '2019-01-31 13:36:45', '', 116, '', 2, '1920-01-01', '', '', '', '', 34, 24733, 32689, ''),
(488, 24731, 'PMEACA180032', 'CABATINGAN', 'ALARECA', 'BIÑAS', 'HERRA', '2018-04-21 20:46:00', 'B8 LOT3 MADARANG SUBD. LABANGON GENERAL SANTOS CITY', 116, '', 4, '1977-04-28', '', '', '09369463703', '', 34, 24322, 29935, ''),
(489, 26311, 'VIRRAA191249', 'ALCALA', 'ANALOU', '', '', '2019-01-24 15:26:32', '', 114, '', 1, '1920-01-01', '', '', '', '', 10, 17940, 32623, ''),
(490, 24877, 'PLMECB180111', 'CASTILLO', 'BERNARDO', 'PITOGO', 'BERNARD', '2018-05-19 12:47:24', 'P6 B3 L4 WELLINGTON PLACE GEN. TRIAS, CAVITE', 99, '', 3, '1980-02-21', '', '', '09773813490', '', 14, 367, 30205, ''),
(491, 26420, 'ZOTASM190886', 'SANCHEZ', 'MAXIMO JR.', 'CASAPAO', 'MAX', '2019-02-16 19:36:03', 'CALAPAN ORIENTLA MINDORO', 45, '', 1, '1984-11-25', '', '', '09065523700', '', 8, 23817, 32815, ''),
(492, 26274, 'PMEAME190299', 'MANALAYSAY', 'ERMIE', 'RAMIREZ', 'ERMIE', '2019-01-21 20:59:30', '', 116, '', 1, '1954-07-25', '', '', '09336279388', '', 34, 23091, 32565, ''),
(493, 26228, 'ZOTAAE190859', 'ABLAO', 'EVELYN', '', '', '2019-01-14 15:46:04', '', 45, '', 1, '1920-01-01', '', '', '', '', 8, 24717, 32485, ''),
(494, 26397, 'RYQNPE190111', 'PAGALAN', 'ELIZABETH', 'ABUT', 'BETH', '2019-02-02 19:33:03', 'DULONG LIBERTAD MISAMIS ORIENTAL', 79, '', 3, '1952-08-03', '', '', '09161246927', '', 36, 25690, 32755, ''),
(495, 26251, 'RYQNAA190089', 'ALMONTE', 'ARNOLI', 'APAO', '', '2019-01-16 10:53:43', '', 71, '', 2, '1920-01-01', '', '', '', '', 36, 26022, 32531, ''),
(496, 26374, 'VIFRPJ190262', 'PONTILLAS', 'JOHN DOMINIQUE', 'GALIT', 'DOMZ', '2019-02-05 11:30:34', 'BLOCK 2, LOT 2 GARDEN HOMES SUBD., BRGY. SANTOL, TANZA, CAVITE', 72, '', 1, '1994-06-13', '', '', '09777280951', '', 4, 9695, 32721, ''),
(497, 26082, 'ZOTAOI180826', 'ORTIZ', 'IRENEO', 'TORRES', 'ERN\'S', '2018-12-15 11:04:16', '1161 JUANA OSMEÑA EXT., SACRED HEART HILLS, CAPITOL SITE, CEBU CITY', 45, '', 2, '1954-02-10', '415-9945', '324-2405', '09171251839', '', 8, 26037, 32237, '');
INSERT INTO `distributors` (`id`, `distributor_id`, `distributor_code`, `last_name`, `first_name`, `middle_name`, `nickname`, `date_joined`, `distributor_address`, `location_id`, `email`, `distributor_level_id`, `birthdate`, `residence_telephone`, `office_telephone`, `mobile_number`, `tin`, `subteam_id`, `sponsor_id`, `customer_id`, `mobile_number2`) VALUES
(498, 22298, 'PLSUAM170748', 'AZAÑA', 'MA. CORAZON', 'CORDIS', 'CORA', '2017-04-01 17:34:56', '51 VIOLETA ST. ROXAS DISTRICT QC', 108, 'ccazana@yahoo.com', 4, '1954-09-25', '', '', '09062866525', '', 12, 177, 25534, ''),
(499, 7356, 'A01PJ22401  ', 'AGGASID', 'PERLITA', 'J', '', '2005-06-05 20:00:00', '42 MAGSAYSAY ST.,  BRGY ROXAS SOLANO, N.V.', 36, '', 5, '1947-08-30', '', '', '09175454401', '', 18, 4628, 7356, ''),
(500, 26171, 'PMEAON190277', 'OLAIR', 'NOVO', 'HINAMPAS', '', '2019-01-07 21:22:35', 'BLK 24, LOT 14, RUSALINA 1 VILLAGE, BAGO GALLERA, DAVAO CITY', 116, '', 1, '1920-01-01', '', '', '', '', 34, 23089, 32397, ''),
(501, 26102, 'PLSUCE181385', 'CRUZ', 'ELPIDIO', 'DEL ROSARIO', 'ELPY', '2018-12-21 08:58:40', 'PULILAN, BULACAN', 108, '', 1, '1957-11-16', '', '', '09330796623', '', 12, 9078, 32283, ''),
(502, 26002, 'COLVFR182604', 'FAIGAO', 'RUFFA', 'VALDEZ', 'FANG', '2018-12-01 14:44:02', '', 113, '', 2, '1988-09-02', '', '', '09273967241', '', 7, 8841, 32055, ''),
(503, 26151, 'PMEAMM190257', 'MAGAPAN', 'MAE', 'LABIANG', 'VIC - VIC', '2019-01-07 21:18:32', 'PUROK ROSE, BRGY. GRIÑO, TACURONG CITY', 116, '', 1, '1982-12-09', '', '', '09973852751', '', 34, 23089, 32391, ''),
(504, 26128, 'ZOTARF180844', 'ROSALES', 'FLORENCIA', 'BOLOR', 'LILY', '2018-12-22 12:47:12', 'BAYANAN 1, CALAPAN CITY, ORIENTAL MINDORO', 45, '', 2, '1946-02-23', '', '', '09292347282', '141-058-513', 8, 25071, 32319, ''),
(505, 26271, 'VIRRLR191227', 'LOPEZ', 'ROMEO', '', '', '2019-01-11 17:19:41', '', 114, '', 1, '1920-01-01', '', '', '', '', 10, 17940, 32558, ''),
(506, 24001, 'COLVCM182123', 'CORPUS', 'MARLENE', 'B', ' MARLENE', '2018-01-05 20:50:57', ' MOTHER IGNACIO AVENUE, QUEZON CITY', 113, '', 3, '3117-09-05', '', '0998115362', '09053117736', '', 7, 19109, 28655, ''),
(507, 26254, 'COMKER190250', 'ESPINOSA', 'RACHEL', 'BUALOY', 'RACHEL', '2019-01-19 10:40:01', 'L17B STA TERESITA ST., LAMILAGROSA VILLAGE, MARIKINA HEIGHTS, MARIKINA', 104, 'rhay_cel@yahoo.com', 2, '1979-09-06', '', '', '09088888792', '', 28, 13103, 32539, ''),
(508, 26062, 'ZOTASA180822', 'SANCHEZ', 'ANTHONY', '', '', '2018-12-10 17:47:09', '', 45, '', 1, '1920-01-01', '', '', '', '', 8, 25527, 32152, ''),
(509, 26231, 'TZRXPR190386', 'PILLE', 'RUTH', 'DIESTA', '', '2019-01-13 17:14:51', 'BRGY. ROXAS SOLANO, NUEVA VIZCAYA', 36, '', 2, '1995-04-07', '', '', '09158432410', '', 18, 7356, 32489, ''),
(510, 26085, 'JWDIDR180654', 'DE GUZMAN', 'RODONIA', 'PANGAL', 'BABY', '2018-12-15 11:54:55', '2442 ANDREW ST., VILLENA SUBD., APALIT PAMPANGA', 107, '', 2, '1953-02-13', '', '', '', '', 5, 26056, 32243, ''),
(511, 26208, 'VIRRVE191202', 'VELASCO', 'ERNESTO', '', '', '2019-01-10 15:42:13', '', 114, '', 1, '1920-01-01', '', '', '', '', 10, 17940, 32470, ''),
(512, 26400, 'COMKRM190262', 'REYES', 'MONICA', 'A', '', '2019-02-11 21:18:37', '170 C. LAWIS EXT. BRGY. SAN ISIDRO ANTIPOLO CITY', 104, 'aicah@yahoo.com', 1, '1994-05-21', '', '', '09101788825', '', 28, 25588, 32761, ''),
(513, 25690, 'RYQNTL180005', 'TAGUD', 'LEVIE', 'AROGANCIA', 'LEVIE', '2018-10-20 14:24:53', 'ZONE 3 UPPER BULUA, CAGAYAN DE ORO', 79, '', 6, '1967-12-08', '', '', '09087856545', '', 36, 25635, 31600, '09177069487'),
(514, 26294, 'VIRRDB191232', 'DAYO', 'BUENAVENTURA', '', '', '2019-01-24 14:53:51', '', 114, '', 1, '1920-01-01', '', '', '', '', 10, 17940, 32606, ''),
(515, 25999, 'PLSUCF181382', 'CABANGIS', 'FLORA', 'B', 'FLOR', '2018-12-01 13:51:46', 'UNIVERSITY OF THE PHILIPPINES FACULTY HOME VILLAGE QC', 108, '', 1, '1920-01-01', '', '', '09194808641', '', 12, 22298, 32052, ''),
(516, 26191, 'VIRRCD191188', 'CORPUZ', 'DENNIS', 'F.', '', '2019-01-10 12:33:32', '', 114, '', 1, '1920-01-01', '', '', '', '', 10, 17940, 32423, ''),
(517, 23091, 'JWRBSF170006', 'SANTIAGO', 'FERNANDO', 'FRANCISCO', 'BM', '2017-09-20 12:55:57', 'B2 L 8 WOODRIDGE PARK SUBD MA-A DAVAO CITY', 116, '', 4, '1954-05-30', '', '244-1399', '09228251399', '', 34, 23089, 27107, ''),
(518, 26148, 'ZOTARS190856', 'RAMOS', 'SHERRY MAE', '', '', '2019-01-07 17:07:07', '', 45, '', 1, '1920-01-01', '', '', '', '', 8, 23433, 32369, ''),
(519, 26125, 'ZOTARG180841', 'RIVERA', 'GENALYN', 'ABIERO', 'GENA', '2018-12-22 12:47:00', 'ALCATE VICTORIA, ORIENTAL MINDORO', 45, '', 2, '1988-01-08', '', '', '09483915425', '', 8, 23010, 32316, ''),
(520, 26105, 'PLSUME181388', 'MARIANO', 'EVANGELINE', 'GREGORIO', 'VANGIE', '2018-12-21 08:56:01', '9118 PCY ST., TAICAN, BALIUAG, BULACAN', 108, '', 2, '1973-12-12', '', '', '09223139782', '', 12, 16, 32281, ''),
(521, 26211, 'VIRRMI191205', 'MONTES', 'IRENE', '', '', '2019-01-10 15:36:55', '', 114, '', 1, '1920-01-01', '', '', '', '', 10, 17940, 32463, ''),
(522, 26317, 'VIRRCD191254', 'CAPULONG', 'DULCE', '', '', '2019-01-24 18:05:10', '', 114, '', 1, '1920-01-01', '', '', '', '', 10, 17940, 32629, ''),
(523, 26019, 'COLVFE182619', 'FAIGO', 'EMERSON', 'ANADON', 'TATA', '2018-12-03 17:25:02', '5 RAMOS COMPOUND ACME ROAD, SAN BARTOLOME, NOVALICHES, QUEZON CITY', 113, '', 2, '1984-10-06', '', '', '09278999640', '', 7, 8841, 32068, ''),
(524, 26168, 'PMEAQJ190274', 'GOPEZ', 'JOSEPHINE', 'COSME', '', '2019-01-07 21:11:07', 'DAVAO EXECUTIVE HOMES, MATINA APLAYA, DAVAO CITY', 116, '', 1, '1920-01-01', '', '', '', '', 34, 23089, 32379, ''),
(525, 26111, 'ZOTAAL180827', 'ACEDETA', 'LEONARDO', 'T.', 'JUNE', '2018-12-22 12:47:28', 'LIBIS, CALAPAN CITY', 45, '', 1, '1960-10-08', '', '', '', '', 8, 23433, 32323, ''),
(526, 26157, 'PMEAJR190263', 'JORDAN', 'ANA MAE', 'TRANQUILLERO', 'AN - AN', '2019-01-07 21:17:21', 'PUROK ROSE, BRGY. D\'LEDESMA, TACURONG CITY, SULTAN KUDARAT', 116, 'anamaejordan@gmail.com', 1, '1998-01-12', '', '', '09352861996', '', 34, 23089, 32388, ''),
(527, 26134, 'ZOTAPL180848', 'PRADO', 'LIWAYWAY', 'B.', 'LIWAY', '2018-12-29 12:11:23', 'MANAGPI, CALAPAN CITY, ORIENTAL MINDORO', 45, '', 1, '1955-08-26', '', '', '', '', 8, 23433, 32332, ''),
(528, 26280, 'COLVDA192634', 'DELA CALZADA', 'ARLYN', 'L.', 'LYN', '2019-01-22 13:16:17', 'SITIO PANGHALO, BLOCK 65, FLOODWAY TAYTAY', 28, '', 2, '1972-05-30', '', '', '09121408813', '', 7, 26186, 32582, ''),
(529, 26303, 'VIRRRC191241', 'RODRIGUEZ', 'CARLOS', '', '', '2019-01-24 15:07:29', '', 114, '', 1, '1920-01-01', '', '', '', '', 10, 17940, 32615, ''),
(530, 26034, 'ZOLOMF180607', 'MARIANO', 'FLORENCIO', 'GARCIA', 'PORIE', '2018-12-04 15:31:34', '401 LICIADA, BUSTOS, BULACAN', 80, '', 1, '1964-04-29', '', '', '09233213332', '', 2, 25983, 32093, ''),
(531, 26426, 'ZOTAIL190894', 'ICALLA', 'LOURDES', 'V', 'DES', '2019-02-16 20:03:41', '05 ALIALY ST. POBLACION I ORIENTAL MDO', 45, '', 2, '1963-08-01', '', '', '09778136997', '', 8, 23010, 32821, ''),
(532, 12958, 'M01FD65601  ', 'MANAPIL', 'FLORIE', 'D', '', '2005-08-08 14:07:11', '90 PIO VALENZUELA ST., MARULAS VALE NZUELA CITY', 81, '', 6, '1958-01-03', '', '', '09477456480', '', 24, 12940, 12958, ''),
(533, 26383, 'ZOTAGA190880', 'GIDA', 'ANGELINA', 'CASTO', 'ANGHIE', '2019-02-05 17:02:48', 'MANAGPI, CALAPAN, ORIENTAL MINDORO', 45, '', 1, '1969-06-13', '', '', '', '', 8, 25334, 32733, ''),
(534, 26406, 'RYQNAL190117', 'ANG', 'LILIA', 'LICARDO', '', '2019-02-09 13:55:13', '28 2ND STREET JAMATOWN SUBD. SSAN ROQUE, TALISAY', 71, '', 1, '1951-07-23', '', '', '09338215811', '', 36, 25809, 32785, ''),
(535, 20618, 'JWDITA160300', 'TIMBANG', 'ARLENE', 'ROMAN', 'ARLENE', '2016-10-17 16:21:51', '15 STREET LBK 67 LOT 14 MRC, MABALACAT, PAMPANGA', 107, 'arleneromantimbang@gmail.com', 3, '1960-04-18', '', '', '09399220623', '', 5, 19998, 23075, '09054561209'),
(536, 26008, 'COLVVD182611', 'VILLAMAR', 'DOLORES', 'GAWAT', '', '2018-12-01 15:05:13', '', 113, '', 2, '1933-04-26', '', '', '', '', 7, 8841, 32058, ''),
(537, 16419, 'ZOARAV150116', 'AMANDORON', 'VICTORIA', '', '', '2015-01-19 00:00:00', '', 45, '', 3, '1920-01-01', '', '', '09322334355', '', 8, 16156, 16833, ''),
(538, 24634, 'COMKSR180164', 'SANCHEZ', 'ROSIE', 'TUPAS', 'ROSE', '2018-04-13 21:32:25', 'BLK. 1 LOT 2 CARTER ST., CUESTA VERDE, BRGY. DALIG,\r\nANTIPOLO CITY', 104, '', 2, '1953-11-23', '', '', '09473175897', '', 28, 20684, 29762, ''),
(539, 26257, 'COMKCL190253', 'CASTRO', 'LUZVIMINDA', 'AMADOR', '', '2019-01-19 10:51:48', 'SUMULONG EXIT., SINGCALAN ST., BRGY. SAN ROQUE, ANTIPOLO CITY', 104, '', 2, '1994-03-05', '', '', '09307391634', '', 28, 25588, 32542, ''),
(540, 26114, 'ZOTAME180830', 'MAKIPLANTA', 'ELLENA', 'OCAMPO', 'ELLEN', '2018-12-22 12:46:19', 'PARANG CALAPAN, ORIENTAL MINDORO', 45, '', 1, '1965-04-16', '', '', '09182587261', '', 8, 25080, 32305, ''),
(541, 26214, 'VIRRCL191208', 'CAMPILLA', 'LEXTER', '', '', '2019-01-10 15:39:16', '', 114, '', 1, '1920-01-01', '', '', '', '', 10, 17940, 32466, ''),
(542, 20203, 'VIRRGA160335', 'GARCIA', 'ANITA', 'JUANSON', 'NITZ', '2016-09-06 15:21:29', '100 CARIGMA EXT. TANAG BRGY SAN JOSE ANTIPOLO CITY', 114, 'nitzgarcia_08@yahoo.com', 3, '1951-05-08', '650-8638', '', '09172027108', '', 10, 20165, 22475, ''),
(543, 26131, 'ZOTAAN180847', 'ALMARINEZ', 'NERISSA', 'CANDELARIA', 'SAI', '2018-12-22 12:47:24', '', 45, 'almarineznerissa@gmail.com', 2, '1974-09-25', '', '', '09281578344', '', 8, 25524, 32322, ''),
(544, 26346, 'ZOTACD190877', 'CANTOS', 'DARLIND VIVIENN', 'DE JESUS', 'VIV', '2019-01-26 11:54:10', '116 DUHAT ST., LALUD, CALAPAN', 45, '', 1, '1994-12-02', '288-2318', '', '', '', 8, 26332, 32670, ''),
(545, 26154, 'PMEACR190260', 'CANTOR', 'RUVY', '', 'UBHENG', '2019-01-07 20:53:23', 'PUROK 3, RAJAH MUDA BULA, GENERAL SANTOS CITY', 116, '', 1, '1992-12-03', '', '', '09505972597', '', 34, 23089, 32376, ''),
(546, 26323, 'COLVFE192649', 'FLORES', 'EUGENIA', 'PAPA', 'NENE', '2019-01-25 20:04:06', '8193 ROSARIO ST., CARMONA, CAVITE', 72, '', 2, '1951-11-15', '', '', '09163081015', '', 7, 19703, 32638, ''),
(547, 26177, 'PMEALJ190283', 'LEGASPI', 'JOY', 'APSAY', '', '2019-01-07 21:36:43', 'UNIT 317 BIRMINGHAM BLDG., CAMELLA NORTHPOINT JP LAUREL AVE., DAVAO CITY', 116, '', 1, '1920-01-01', '', '', '', '', 34, 23089, 32403, ''),
(548, 26300, 'VIRRMJ191238', 'MENDIOLA', 'JERELYN', '', '', '2019-01-24 15:04:37', '', 114, '', 1, '1920-01-01', '', '', '', '', 10, 17940, 32612, ''),
(549, 26283, 'COLVEJ192636', 'ESTOQUE', 'JOAQUIN', 'RENDON', 'JOJO', '2019-01-22 13:24:29', '3454 DURIAN ST., CENTINIAL 1, PINAGBUHATAN, PASIG CITY', 28, '', 2, '1959-06-19', '470-3850', '', '', '', 7, 11841, 32585, ''),
(550, 26237, 'PLSUWS191394', 'WAGWAG', 'SELWYN', '', 'SELWANG', '2019-01-12 15:42:10', 'LILO - AN CEBU', 71, '', 1, '1974-12-23', '', '', '09222874511', '', 12, 24582, 32504, ''),
(551, 26091, 'PMEAPL180254', 'PANDILI', 'LUCIL', 'CASUMPO', 'CIL', '2018-12-16 17:03:40', 'APOKON, TAGUM CITY', 116, '', 2, '1990-12-26', '', '', '09051002680', '', 34, 25017, 32250, ''),
(552, 26386, 'RYQNAJ190110', 'ARONG', 'JON CYRIL', '', '', '2019-02-04 19:26:08', '', 71, '', 1, '1920-01-01', '', '', '', '', 36, 25912, 32745, ''),
(553, 26217, 'VIRRLA191211', 'LOPEZ', 'ANABEL', '', '', '2019-01-10 15:41:45', '', 114, '', 1, '1920-01-01', '', '', '', '', 10, 17940, 32469, ''),
(554, 25888, 'ZOTAGC180808', 'GO', 'CYNTHIA', 'ESCARPE', 'CHANG', '2018-11-17 15:28:53', '442 - B PUROK 3, LOWER CAMPUTHAW, CEBU CITY', 45, '', 2, '1974-05-19', '', '', '09173102500', '', 8, 16806, 31893, ''),
(555, 26429, 'ZOTAAN190897', 'ALZATE', 'NEMIA', 'APIGO', 'NEMIS', '2019-02-16 20:28:36', 'BLK 33 LOT 7 NEO CAL CALAPAN CITY', 45, '', 2, '1961-02-08', '', '', '09195582374', '', 8, 25080, 32825, ''),
(556, 26197, 'COLVPR192633', 'PIOL', 'ROSE MARIE', 'MASENDO', 'ROSE', '2019-01-10 15:53:31', 'BLOCK 27 C WELFAREVILLE CAMP., BRGY. ADDITIONAL HILLS, MANDALUYONG CITY', 28, 'rosemarie.piol@gmail.com', 1, '1984-04-29', '', '', '09226095494', '', 7, 11841, 32437, ''),
(557, 26174, 'PMEAVR190280', 'VICENTE', 'REYNANTE', 'ARANAS', '', '2019-01-07 21:20:17', 'PRK 35, MAHARLIKA VILLAGE, MAA, DAVAO CITY', 116, '', 1, '1920-01-01', '', '', '', '', 34, 23089, 32394, ''),
(558, 26366, 'RYQNMJ190096', 'MAMPAO', 'JIMMY', 'TURA', 'JIMMY', '2019-02-02 20:10:04', 'BLK 1 LOT 51 BLOOMINGDALE SUBD. PHASE 4 IPONAN, CAGAYAN DE ORO', 79, '', 2, '1958-01-25', '', '', '09176081091', '101454025', 36, 25635, 32713, ''),
(559, 26260, 'COMKGG190256', 'GOLGOTA', 'GENA', 'ARANDIG', 'GIE', '2019-01-19 11:11:26', 'BRGY. SAN ROQUE, ANTIPOLO CITY', 104, '', 1, '1966-12-27', '', '', '09502154746', '', 28, 25899, 32545, ''),
(560, 25570, 'NTNTCR180002', 'CASTROJO', 'ROSITA', '', 'ROSE', '2018-10-09 12:13:37', 'BLK 1, LOT 4, WONTEREY HOMES SUBD., TALISAY CITY', 71, '', 3, '1968-06-13', '', '', '09154121937', '', 36, 25569, 31385, ''),
(561, 25527, 'ZOTASA180744', 'SANCHEZ', 'ARGET', 'ARCEDE', '', '2018-09-29 11:51:25', '', 45, '', 2, '1971-10-14', '', '', '09399345937', '', 8, 19969, 31302, ''),
(562, 26068, 'VIRRYM181175', 'YOHIMATSU', 'MARIBEL', 'ALVEYRA', '', '2018-12-08 20:55:19', 'POUND ST., DEL MONTE HEIGHTS, SAN JOSE, DEL MONTE, BULACAN', 114, '', 2, '1920-01-01', '', '', '', '', 10, 25668, 32161, ''),
(563, 26297, 'VIRRCJ191235', 'CALAMIGAN', 'JOHN BUNYAN', '', '', '2019-01-24 15:02:01', '', 114, '', 1, '1920-01-01', '', '', '', '', 10, 17940, 32609, ''),
(564, 26094, 'ZOLOMR180610', 'MANABAT', 'RODA', 'VIZCARRA', 'DAYDA', '2018-12-18 19:02:21', 'SALAPUNGAN SAN RAFAEL, BULACAN', 80, '', 2, '1978-04-23', '', '', '09758111220', '', 2, 25268, 32267, ''),
(565, 17, 'M01RG05601  ', 'MARIANO', 'RONALDO', 'G', 'BOY', '2007-07-01 20:00:00', '1101 ALDAMA ST., STA. BARBARA BALUIAG, BULACAN', 108, '', 6, '1960-05-13', '', '', '09064823286', '', 12, 12, 17, '09235912546'),
(566, 25656, 'VIRRCD181137', 'CADOTDOT', 'DEOGRACIAS', '', '', '2018-10-16 16:02:49', '', 114, '', 3, '1920-01-01', '', '', '09296583407', '', 10, 25639, 31546, ''),
(567, 25902, 'RYQNBE180033', 'BAYLON', 'ESTELITO', 'SOTTO', 'LITO', '2018-11-17 15:01:44', 'IPIL - IPIL, CAPITOL SITE, CEBU CITY', 71, '', 2, '1950-01-05', '', '', '09179719521', '123-773-164', 36, 25892, 31898, ''),
(568, 26048, 'COCHAN180019', 'ANDRADE', 'NENIA', 'OBULA', 'NIN', '2018-12-07 20:32:36', '478 M.H DEL PILAR ST. ANTIPOLO CITY', 104, '', 2, '1956-09-24', '', '', '09217808096', '', 15, 25875, 32123, ''),
(569, 26343, 'ZOTASE190874', 'SANCHEZ', 'EVELYN', 'RAVARRA', 'LYNN', '2019-01-26 11:44:40', 'BLOCK 3 PACHOCA HIGHWAY, PACHOCA, CALAPAN CITY', 45, '', 2, '1962-07-26', '', '', '09474216233', '445-223-158', 8, 26131, 32667, ''),
(570, 26240, 'RYQNIM190087', 'ILAGUISON', 'MARIA JESUSA', 'ISAAC', 'SUSIE', '2019-01-12 15:41:51', 'LOT 7, BLOCK 3, SIMPLEX SUBD., MARIGONDONG SUBA BASBAS, LAPU - LAPU CITY', 71, '', 3, '1949-04-15', '', '', '09277349051', '', 36, 25884, 32503, ''),
(571, 15566, 'G01AM23701  ', 'GADDUANG', 'ALFIE SHEILA', 'M.', 'SHEILA', '2014-03-04 19:07:53', 'NEW AIRPORT ROAD., (CAUAYAN CITY) SAN FERMIN', 112, 'gabskylle@gmail.com', 5, '1979-03-24', '09228886033', '', '09265517908', '', 17, 5121, 15566, ''),
(572, 26028, 'VIRRMK181173', 'MARQUEZ', 'KAREN', 'TACLIBON', 'KAREN', '2018-12-04 20:09:01', '344 GUERILLA RD., COR. APFVET. VILLAGE, HOLY SPIRIT, QUEZON CITY', 114, '', 2, '1977-03-22', '', '', '09271143369', '', 10, 25656, 32087, ''),
(573, 26194, 'VIRRRD191191', 'REYES', 'DANILO', '', '', '2019-01-10 12:37:07', '', 114, '', 1, '1920-01-01', '', '', '', '', 10, 17940, 32427, ''),
(574, 26051, 'COCHEM180022', 'EUSEBIO', 'MELDA', 'BEANDICHO', '', '2018-12-07 20:41:35', 'BLK 2B LOT 21 SAN AGUSTIN VILLAGE SAN ROQUE ANTIPOLO CITY', 104, '', 2, '1920-01-01', '', '', '', '', 15, 10775, 32126, ''),
(575, 26220, 'VIRRMB191214', 'MARTINEZ', 'BELINA', 'MEDIONA', '', '2019-01-11 16:36:38', '', 114, '', 1, '1920-01-01', '', '', '', '', 10, 20124, 32474, ''),
(576, 22662, 'VIRRAO170802', 'APIGO', 'OLIVIA', 'BALMEO', '', '2017-07-04 18:57:59', '', 114, '', 3, '1966-07-03', '', '', '09356419512', '', 10, 22378, 26195, ''),
(577, 26071, 'VIRREE181178', 'ESTRELLA', 'ESTER', 'ALBERTO', '', '2018-12-13 20:38:53', '', 114, '', 3, '1920-01-01', '', '', '09178425267', '', 10, 25265, 32179, ''),
(578, 26320, 'VIFRDM190261', 'DAAN', 'MELENDA', 'PANGILINAN', 'NENEG', '2018-12-20 12:06:01', 'TANZA, CAVITE', 72, '', 1, '1967-08-01', '', '', '0906565999', '', 4, 9695, 32634, ''),
(579, 26363, 'RYQNAM190093', 'ANG', 'MICHAEL', 'C', 'MIKE', '2019-02-02 20:05:04', 'P2A LUMBO VALENCIA BUKIDNON', 79, '', 1, '1976-07-19', '', '', '09755354054', '921280053', 36, 25969, 32710, ''),
(580, 25945, 'COLVSJ182585', 'SINDAYEN', 'JACOB', 'BODE', 'JACOB', '2018-11-23 15:32:50', '6 ALFRED STREET, KINGSVILLE EXECUTIVE SUBD., BRGY. MAYAMOT, ANTIPOLO CITY', 28, '', 1, '1996-10-12', '', '', '', '', 7, 1431, 31964, ''),
(581, 26277, 'PMEASA190302', 'SANCHEZ', 'ANTONIA', 'PANCHO', 'TONETTE', '2019-01-21 21:03:04', '', 116, '', 1, '1953-05-10', '(044) 308-5464', '', '09167483814', '', 34, 23091, 32568, ''),
(582, 18829, 'VIRRCR160153', 'CONTREVIDA', 'RUCIL', '', '', '2016-01-22 22:25:59', '', 114, '', 5, '1920-01-01', '', '', '09175711886', '', 10, 17940, 20350, '09171108247'),
(583, 26423, 'ZOTACC190891', 'CAMPORMANES', 'CHEENE', 'BUCAS', '', '2019-02-16 19:49:29', '', 45, '', 1, '1988-12-19', '', '', '09428271710', '', 8, 24205, 32818, ''),
(584, 26200, 'VIRRMC191196', 'MARASIGAN', 'CORAZON', 'B.', '', '2019-01-10 18:24:39', '', 114, '', 1, '1920-01-01', '', '', '', '', 10, 17940, 32444, ''),
(585, 24717, 'ZOTABC180602', 'BAJADO', 'CRISTINA', 'MANALO', '', '2018-04-21 16:33:50', '101 MOLAVE ST. LUMANGBAYAN CALAPAN CITY', 45, 'cristinabajado@yahoo.com', 3, '1982-02-05', '', '', '09399387821', '', 8, 23433, 29924, ''),
(586, 26137, 'VIRRBZ181185', 'BITARA', 'ZIARA MAE', 'MORAGA', 'KAYE', '2018-12-28 13:16:05', 'PUNTURIN, VALENZUELA CITY', 114, '', 2, '1998-03-23', '', '', '', '', 10, 10639, 32333, ''),
(587, 26340, 'ZOTARJ190871', 'RODA', 'JULIO', 'CABUHAL', 'TOTOY', '2019-01-26 11:39:06', 'BRGY. ALCATE, VICTORIA, ORIENTAL MINDORO', 45, '', 1, '1977-07-26', '', '', '', '', 8, 16259, 32664, ''),
(588, 25404, 'COLVDM182462', 'DIEGO', 'MA. CHEYEN GLEEN', '', 'CHEYEN', '2018-09-12 14:56:53', '962 PABLO OCAMPO ST. BRGY. 730 MALATE, MANILA', 113, '', 4, '1978-09-08', '', '', '09179247096', '', 7, 8841, 31128, ''),
(589, 26360, 'PLMECR190126', 'CASTILLO', 'RANIE', 'P', '', '2019-02-04 20:39:54', '', 99, '', 1, '1981-08-09', '', '', '09215895857', '', 14, 24877, 32704, ''),
(590, 26074, 'VIRRBN181181', 'BALADAD', 'NELIA', 'DE LUMEN', 'NEL', '2018-12-13 15:18:46', 'BONIFACIO ST., BALIKATAN VILLAGE, SAMPALOC, TANAY RIZAL', 114, 'ndlbaldad@gmail.com', 2, '1972-02-05', '', '', '09279681676', '', 10, 17940, 32211, ''),
(591, 26031, 'ZOTACB180816', 'CABIGON', 'BEBIANA', 'SIENES', 'BEBIE', '2018-12-03 15:21:30', '369 - I JUANA OSMEÑA EXT', 45, '', 2, '1945-11-25', '', '', '09995995768', '', 8, 16806, 32092, ''),
(592, 26054, 'JWDIDT180647', 'DELA CRUZ', 'TEODORA', 'CUSTODIO', 'MEGA', '2018-12-07 20:51:48', 'K16 BERRY ST BAGONG PAGASA SUBD. APALIT PAMPANGA', 107, '', 2, '1949-09-11', '', '', '09292754526', '', 5, 25363, 32133, ''),
(593, 26117, 'ZOTAGH180833', 'GASIC', 'HELEN', 'MARQUEZ', 'HELEN', '2018-12-22 12:46:29', 'SAN GELACIO, VICTORIA, ORIENTAL MINDORO', 45, '', 2, '1963-12-09', '', '', '09561587809', '', 8, 24547, 32308, ''),
(594, 1431, 'O01RL95001  ', 'ONG', 'ROSE ANN JAHZIEL', 'L.', '', '2013-02-01 20:00:00', ' ', 28, '', 2, '1900-01-01', '', '', '', '', 7, 1418, 1431, ''),
(595, 26403, 'COLVBM192657', 'BAUYA', 'MARIETTA', 'CECILIO', 'MYETTE', '2019-02-13 16:17:27', '273 ERMIN GARCIA SILANGAN Q.C.', 28, '', 2, '1968-02-15', '', '', '09360833065', '714474513', 7, 26186, 32770, ''),
(596, 26011, 'RYQNLC180061', 'LIU', 'CHRISTINE', 'YU', 'TIN', '2018-12-01 15:42:13', '176 B PELAEZ ST. CEBU CITY', 71, 'christineliu2009@gmail.com', 2, '1973-02-19', '254-4218', '', '09420047005', '195-798-966', 36, 25664, 32064, '09167569673'),
(597, 19109, 'COLVBJ160806', 'BIANO', 'JOSETTE', 'CHING', 'JOSETTE', '2016-03-15 20:06:31', 'U-12F SYCAMORE TOWER, DANSALAN GARDEN, MANDALUYONG CITY', 113, '', 9, '1962-07-29', '571-4367', '833-7149', '09175323301', '106-355-000', 7, 11811, 20789, ''),
(598, 19791, 'VIRRVF160248', 'VICTORIO', 'FRELYN', '', '', '2016-07-11 23:00:36', '#306 MERCURY STREET, UPPER QUEZON HILL, BAGUIO CITY 2600', 110, '', 5, '1920-01-01', '', '', '09993899939', '', 10, 19752, 21852, '');

-- --------------------------------------------------------

--
-- Table structure for table `distributor_levels`
--

CREATE TABLE `distributor_levels` (
  `id` int(11) NOT NULL,
  `code` varchar(10) NOT NULL,
  `level_description` varchar(50) NOT NULL,
  `rtt_qualifier` decimal(18,2) NOT NULL,
  `pse` decimal(10,2) NOT NULL
) ENGINE=InnoDB DEFAULT CHARSET=latin1;

--
-- Dumping data for table `distributor_levels`
--

INSERT INTO `distributor_levels` (`id`, `code`, `level_description`, `rtt_qualifier`, `pse`) VALUES
(1, 'CC1', 'Certified Consultant 1', '0.00', '15.00'),
(2, 'CC2', 'Certified Consultant 2', '0.00', '16.00'),
(3, 'ADM', 'Assistant District Manager', '0.00', '18.00'),
(4, 'DM', 'District Manager', '0.00', '20.00'),
(5, 'RM', 'Regional Manager', '0.00', '21.00'),
(6, 'SDD', 'Single Diamond Director', '100000.00', '22.00'),
(7, 'DDD', 'Double Diamond Director', '100000.00', '23.00'),
(8, 'TDD', 'Triple Diamond Director', '100000.00', '24.00'),
(9, 'EDD', 'Executive Diamond Director', '100000.00', '26.00'),
(10, 'RSDD', 'Royale Single Diamond Director', '100000.00', '27.00'),
(11, 'RDDD', 'Royale Double Diamond Director', '100000.00', '28.00'),
(12, 'RTDD', 'Royale Triple Diamond Director', '100000.00', '29.00');

-- --------------------------------------------------------

--
-- Table structure for table `items`
--

CREATE TABLE `items` (
  `id` int(11) NOT NULL,
  `item_id` int(11) NOT NULL,
  `item_class_id` int(11) NOT NULL,
  `item_description` varchar(255) NOT NULL,
  `unit_price` decimal(18,2) NOT NULL,
  `nsp` decimal(18,2) NOT NULL,
  `pse` decimal(18,2) NOT NULL,
  `item_photo` varchar(255) NOT NULL,
  `sequence` int(11) NOT NULL,
  `main_item` char(1) NOT NULL
) ENGINE=InnoDB DEFAULT CHARSET=latin1;

--
-- Dumping data for table `items`
--

INSERT INTO `items` (`id`, `item_id`, `item_class_id`, `item_description`, `unit_price`, `nsp`, `pse`, `item_photo`, `sequence`, `main_item`) VALUES
(1, 1897, 0, 'RPM DIGITAL PROFESSIONAL BLENDER  - 110V', '51240.00', '45750.00', '0.00', 'noimage.png', 0, 'n'),
(2, 3550, 0, 'LEISURE INTELLIGENT MASSAGE CHAIR', '88480.00', '79000.00', '0.00', 'noimage.png', 0, 'n'),
(3, 3628, 0, 'UNIVERSAL GRILL PAN', '0.00', '0.00', '0.00', 'noimage.png', 0, 'n'),
(4, 1473, 1, 'RICE COOKER 110V', '0.00', '0.00', '0.00', 'noimage.png', 0, 'n'),
(5, 1016, 1, '3PC JUNIOR COLANDER SET WITH LOW COVER', '19800.00', '17670.00', '0.00', 'noimage.png', 0, 'n'),
(6, 3948, 1, 'ADVANCED ULTRA CORE ELECTRIC OIL SKILLET W/ GLASS COVER - 220V', '69860.00', '62375.00', '0.00', 'dining/cookwarespecials/uc/ucglass.png', 1, 'y'),
(7, 3949, 1, 'ADVANCED ULTRA CORE ELECTRIC OIL SKILLET W/ GLASS COVER - 110V', '71470.00', '63812.50', '0.00', 'dining/cookwarespecials/uc/ucglass.png', 1, 'y'),
(8, 1143, 1, 'FIESTA PAELLA PAN', '24920.00', '22250.00', '0.00', 'dining/cookwarespecials/paella/paella.png', 2, 'n'),
(9, 3201, 1, 'ULTRA TECH OIL SKILLET - 220V', '57960.00', '51750.00', '0.00', 'dining/cookwarespecials/ut/ut.png', 2, 'y'),
(10, 3253, 1, 'ULTRA TECH OIL SKILLET - 110V', '59920.00', '53500.00', '0.00', 'dining/cookwarespecials/ut/ut.png', 2, 'y'),
(11, 2538, 1, 'MAGIC COOKER - 110V', '76636.00', '68425.00', '0.00', 'dining/cookwarespecials/mc/mc.png', 3, 'y'),
(12, 1210, 1, 'ULTRA CORE OIL SKILLET WITH DOME COVER - 110V', '70336.00', '62800.00', '0.00', 'dining/cookwarespecials/uc/uc.png', 3, 'n'),
(13, 455, 1, 'MAGIC COOKER - 220V', '74900.00', '66875.00', '0.00', 'dining/cookwarespecials/mc/mc.png', 3, 'y'),
(14, 1193, 1, 'ULTRA CORE OIL SKILLET WITH DOME COVER - 220V', '68600.00', '61250.00', '0.00', 'dining/cookwarespecials/uc/uc.png', 4, 'n'),
(15, 3998, 1, 'AUTOMATIC MAGIC ALL S/S MULTI-RICE COOKWARE - 220V', '44800.00', '40000.00', '0.00', 'dining/cookwarespecials/rck/rck.png', 4, 'y'),
(16, 4001, 1, 'AUTOMATIC MAGIC ALL S/S MULTI-RICE COOKWARE - 110V', '46480.00', '41500.00', '0.00', 'dining/cookwarespecials/rck/rck.png', 4, 'y'),
(17, 2005, 1, 'MEGA CONTACT GRILL TOASTER - 220V', '44800.00', '40000.00', '0.00', 'dining/cookwarespecials/mcgt/mcgt.png', 5, 'y'),
(18, 2016, 1, 'MEGA CONTACT GRILL TOASTER - 110V', '46480.00', '41500.00', '0.00', 'dining/cookwarespecials/mcgt/mcgt.png', 5, 'y'),
(19, 2907, 1, 'RAPID COOKWARE WITH GLASS COVER - 10.5QT', '30940.00', '27625.00', '0.00', 'dining/cookwarespecials/rc/rc.png', 6, 'y'),
(20, 3996, 1, 'COLOSSAL OVAL FISH POACHER W/ SS COVER', '42840.00', '38250.00', '0.00', 'dining/cookwarespecials/cofp/cofpss.png', 7, 'y'),
(21, 1006, 1, 'CHAFING DISH W/ GLASS COVER', '37940.00', '33875.00', '0.00', 'dining/cookwarespecials/cd/cd.png', 9, 'y'),
(22, 10, 1, 'AUTOMATIC S/S RICE COOKER - 220V', '44800.00', '40000.00', '0.00', 'dining/rck.png', 10, 'n'),
(23, 1076, 1, 'COLOSSAL OVAL FISH POACHER ', '36400.00', '32500.00', '0.00', 'dining/cookwarespecials/cofp/cofp.png', 12, 'n'),
(24, 3542, 1, 'CHAFING DISH WITH S/S COVER', '37940.00', '33875.00', '0.00', 'dining/cookwarespecials/cd/cd.png', 12, 'n'),
(25, 3175, 1, 'LIFESTYLE PAN WITH COVER', '13580.00', '12125.00', '0.00', 'dining/cookwarespecials/lifestylepan/lifestylepan.png', 14, 'n'),
(26, 3177, 2, 'LIFESTYLE PAN GLASS COVER', '4500.00', '4017.86', '0.00', 'noimage.png', 0, 'n'),
(27, 3202, 2, 'LARGE OVAL TRAY', '10500.00', '9375.00', '0.00', 'noimage.png', 0, 'n'),
(28, 3203, 2, 'LARGE OVAL DOME COVER ', '12040.00', '10750.00', '0.00', 'noimage.png', 0, 'n'),
(29, 3405, 2, 'TABLE TOP GRILL', '23520.00', '21000.00', '0.00', 'noimage.png', 0, 'n'),
(30, 2909, 2, 'LIFESTYLE PAN', '9968.00', '8900.00', '2000.00', 'noimage.png', 0, 'n'),
(31, 959, 2, 'HERBAL SHEAR', '3920.00', '3500.00', '1000.00', 'noimage.png', 0, 'n'),
(32, 891, 2, 'SUPER BREAD TOASTER ADVANCE - 220V', '19800.00', '17670.00', '0.00', 'giving/sbta.png', 0, 'n'),
(33, 2022, 2, 'VFS - 4.5L VACUUM FRESH', '9968.00', '8900.00', '0.00', 'noimage.png', 0, 'n'),
(34, 2023, 2, 'VFS - 3.0L VACUUM FRESH', '8540.00', '7625.00', '0.00', 'noimage.png', 0, 'n'),
(35, 2024, 2, 'VFS - 1.4L VACUUM FRESH', '7140.00', '6375.00', '0.00', 'noimage.png', 0, 'n'),
(36, 4019, 2, 'LED FLASHLIGHT', '2940.00', '2625.00', '500.00', 'noimage.png', 0, 'n'),
(37, 4021, 2, 'MULTI-TOOL ULTILITY', '3920.00', '3500.00', '0.00', 'noimage.png', 0, 'n'),
(38, 936, 2, 'SUPER BREAD TOASTER ADVANCE - 110V', '21280.00', '19000.00', '0.00', 'giving/sbta.png', 1, 'n'),
(39, 3450, 2, 'ULTIMATE WHISTLING KETTLE', '14980.00', '13375.00', '0.00', 'giving/uwk.png', 1, 'y'),
(40, 4107, 2, 'LARGE FIESTA PAELLA PAN', '27860.00', '24875.00', '0.00', 'giving/lfpp.png', 2, 'y'),
(41, 3537, 2, 'LIFESTYLE PAN WITH COVER - MARBLE COATING', '15960.00', '14250.00', '0.00', 'dining/cookwarespecials/lifestylepan/lpcmc.png', 3, 'y'),
(42, 3085, 2, 'STAR COFFEE MASTER - 110V', '16800.00', '15000.00', '0.00', 'giving/scm.png', 3, 'n'),
(43, 892, 2, 'STAR COFFEE MASTER - 220V', '15680.00', '14000.00', '0.00', 'giving/scm.png', 4, 'n'),
(44, 4055, 2, 'DIGITAL TITANIUM INDUCTION COOKER W/ HANDLE - 220V', '27860.00', '24875.00', '0.00', 'dining/cookwarespecials/dtic/dticwh.png', 4, 'y'),
(45, 4057, 2, 'DIGITAL TITANIUM INDUCTION COOKER W/ HANDLE - 110V', '29540.00', '26375.00', '0.00', 'dining/cookwarespecials/dtic/dticwh.png', 4, 'y'),
(46, 3409, 2, 'ROUND GRIDDLE WITH SS & GLASS COVER', '33380.00', '30250.00', '0.00', 'giving/rg.png', 5, 'y'),
(47, 2908, 2, 'PRESIDENT ROUND GRILL PAN W/ SPOUT', '20860.00', '18625.00', '0.00', 'dining/cookwarespecials/prgp/prgp.png', 6, 'y'),
(48, 4026, 2, 'SUPER BREAD TOASTER ADVANCED 2019 - 220V', '23380.00', '20875.00', '0.00', 'giving/sbta.png', 7, 'y'),
(49, 4027, 2, 'SUPER BREAD TOASTER ADVANCED 2019 - 110V', '24920.00', '22250.00', '0.00', 'giving/sbta.png', 7, 'y'),
(50, 3370, 2, 'LARGE OVAL TRAY WITH DOME COVER', '20860.00', '18625.00', '0.00', 'giving/lotc.png', 8, 'y'),
(51, 3545, 2, 'ELEGANT MEAL KIT', '14980.00', '13375.00', '0.00', 'giving/emk.png', 9, 'y'),
(52, 4023, 2, '7PC KITCHEN TOOL SET W/ ROSEWOOD HANDLE', '23380.00', '20875.00', '0.00', 'giving/ktsrh.png', 10, 'y'),
(53, 2013, 2, '8PC KITCHEN SPECIALTY ITEMS', '23380.00', '20875.00', '0.00', 'giving/ksi.png', 11, 'y'),
(54, 2910, 2, '6PC MULTI-FUNCTIONAL MESH STRAINER SET', '11900.00', '10625.00', '2000.00', 'giving/strainer.png', 12, 'y'),
(55, 2911, 2, 'SALAD SHEARS ', '3920.00', '3500.00', '1000.00', 'giving/ss.png', 13, 'n'),
(56, 1147, 2, 'VACUUM FRESH SET', '20860.00', '18625.00', '0.00', 'giving/vfs.png', 13, 'y'),
(57, 1155, 2, 'THERMOTECH ', '11900.00', '10625.00', '2000.00', 'giving/ttech.png', 14, 'y'),
(58, 4103, 2, 'BLEISURE LUGGAGE BAG - BLACK', '18900.00', '16875.00', '0.00', 'giving/btl.png', 14, 'y'),
(59, 4104, 2, 'BLEISURE LUGGAGE BAG - SILVER', '18900.00', '16875.00', '0.00', 'giving/btl.png', 14, 'n'),
(60, 1688, 2, 'KITCHEN TOOL SET - NEW 7PC', '19800.00', '17670.00', '0.00', 'giving/kts.png', 15, 'n'),
(61, 3321, 2, 'TUMBLERTECH', '3920.00', '3500.00', '1000.00', 'giving/tumblertech.png', 15, 'y'),
(62, 1632, 2, 'SUPREME MULTI-FUNCTION KITCHEN SHEAR ', '5500.00', '4910.00', '1000.00', 'giving/ks.png', 16, 'y'),
(63, 4028, 2, 'BARBECUE AND SEWING SCISSORS', '5500.00', '4910.00', '1000.00', 'giving/bss.png', 16, 'y'),
(64, 963, 2, 'CAN OPENER S/S', '1960.00', '1750.00', '500.00', 'giving/co.png', 17, 'y'),
(65, 2912, 2, 'CERAMIC PEELER', '840.00', '750.00', '200.00', 'giving/cp.png', 18, 'y'),
(66, 4008, 2, 'RECHARGEABLE WINE OPENER AND VACUUM ACCESSORIES', '16380.00', '14625.00', '0.00', 'giving/rwova.png', 19, 'y'),
(67, 3548, 3, 'FOOD BLENDER TECH - 220V', '59920.00', '53500.00', '15000.00', 'living/fbtech.png', 0, 'y'),
(68, 3549, 3, 'FOOD BLENDER TECH - 110V', '62720.00', '56000.00', '15000.00', 'living/fbtech.png', 0, 'y'),
(69, 969, 3, 'JUICE MASTER PROFESSIONAL - 110V', '59920.00', '53500.00', '0.00', 'living/jm.png', 0, 'y'),
(70, 1689, 3, 'RPM DIGITAL PROFESSIONAL BLENDER', '56140.00', '50125.00', '0.00', 'noimage.png', 0, 'n'),
(71, 1827, 3, 'JUICE MASTER PROFESSIONAL - 220V', '57960.00', '51750.00', '0.00', 'living/jm.png', 0, 'y'),
(72, 2033, 3, 'BLENDERTECH W/ SOUND SHIELD - 220V', '88480.00', '79000.00', '0.00', 'living/btech.png', 1, 'n'),
(73, 3024, 3, 'BLENDERTECH W/ SOUND SHIELD - 110V', '91280.00', '81500.00', '0.00', 'living/btech.png', 1, 'n'),
(74, 2971, 3, 'FOOD PRO WITH MINCING AND GRINDING CUP - 110V', '70336.00', '62800.00', '0.00', 'living/fpro.png', 3, 'n'),
(75, 3527, 3, 'COFFEETECH DELUXE - FRESH BREW 220V', '44800.00', '40000.00', '0.00', 'living/ctech.png', 3, 'y'),
(76, 3531, 3, 'COFFEETECH DELUXE - FRESH BREW 110V', '46480.00', '41500.00', '0.00', 'living/ctech.png', 3, 'y'),
(77, 2035, 3, 'FOOD PRO WITH MINCING AND GRINDING CUP - 220V', '68600.00', '61250.00', '0.00', 'living/fpro.png', 4, 'n'),
(78, 4064, 4, 'ORIENTAL WOK W/ GLASS LID', '36400.00', '32500.00', '0.00', 'noimage.png', 0, 'n'),
(79, 4088, 4, '5PLY ORIENTAL WOK WITH GLASS COVER', '0.00', '0.00', '0.00', 'noimage.png', 0, 'n'),
(80, 1153, 4, '2QT SAUCEPAN - STARTER', '13860.00', '12375.00', '0.00', 'dining/touchofclass/7pcstarter/2qtstarter.png', 1, 'y'),
(81, 1154, 4, '9 1/2\"  FRYING PAN W/ COVER - STARTER', '14980.00', '13375.00', '0.00', 'dining/touchofclass/7pcstarter/9starter.png', 2, 'y'),
(82, 2914, 4, '3PC JUNIOR COLANDER SET W/ COVER - STARTER', '27860.00', '24875.00', '0.00', 'dining/touchofclass/7pcstarter/jcsstarter.png', 3, 'y'),
(83, 2913, 4, '7PC STARTER SET WITH JCS DOME COVER', '49980.00', '44625.00', '0.00', 'dining/touchofclass/7pcstarter/starterset.png', 4, 'y'),
(84, 2051, 4, '12QT DUTCH OVEN WITH WHISTLING KNOB COVER', '30940.00', '27625.00', '0.00', 'dining/touchofclass/8pcjumbo/12qt.png', 5, 'y'),
(85, 1017, 4, '3PC 5-PLY ORIENTAL WOK', '36400.00', '32500.00', '0.00', 'dining/wok.png', 6, 'n'),
(86, 972, 4, '24QTS STOCK POT WITH VENTED KNOB COVER', '37940.00', '33875.00', '0.00', 'dining/touchofclass/8pcjumbo/24qt.png', 7, 'y'),
(87, 3448, 4, '4PC UNIVERSAL 5-PLY STEAMER WOK', '42840.00', '38250.00', '0.00', 'dining/touchofclass/8pcjumbo/4pcwok.png', 8, 'y'),
(88, 3449, 4, '8PC JUMBO COOKWARE SET', '82880.00', '74000.00', '0.00', 'dining/touchofclass/8pcjumbo/8pcjumbo.png', 8, 'y'),
(89, 1888, 4, '1.5 QT SAUCEPAN - 5 PLY COOKWARE', '14560.00', '13000.00', '0.00', 'dining/touchofclass/11pc/1.5qt.png', 9, 'y'),
(90, 1892, 4, '2QT SAUCEPAN - 5 PLY COOKWARE', '14980.00', '13375.00', '0.00', 'dining/touchofclass/11pc/2qt.png', 10, 'y'),
(91, 1901, 4, '6QT DUTCH OVEN W/ COVER - 5 PLY COOKWARE', '30940.00', '27625.00', '0.00', 'dining/touchofclass/11pc/6qt.png', 11, 'y'),
(92, 958, 4, '3PC COLANDER SET - 5-PLY', '37940.00', '33875.00', '0.00', 'dining/touchofclass/11pc/colander.png', 12, 'y'),
(93, 1904, 4, '9 1/2\" FRYING PAN WITH COVER - 5 PLY COOKWARE', '18900.00', '16875.00', '0.00', 'dining/touchofclass/11pc/9fryingpan.png', 13, 'y'),
(94, 1887, 4, '11PC FAMILY COOKWARE SET - 5 PLY', '82880.00', '74000.00', '0.00', 'dining/touchofclass/11pc/11pc.png', 14, 'y'),
(95, 1741, 5, 'CRYSTAL FLUTE - LUDOVICA FRANCIS', '2240.00', '2000.00', '0.00', 'dining/crystal/flute.png', 1, 'y'),
(96, 1740, 5, 'CRYSTAL GOBLET - LUDOVICA FRANCIS', '2240.00', '2000.00', '0.00', 'dining/crystal/goblet.png', 2, 'y'),
(97, 1742, 5, 'CRYSTAL WINE - LUDOVICA FRANCIS', '2240.00', '2000.00', '0.00', 'dining/crystal/wine.png', 3, 'y'),
(98, 1739, 5, 'CRYSTAL GLASS - LUDOVICA FRANCIS', '2240.00', '2000.00', '0.00', 'dining/crystal/glass.png', 4, 'y'),
(99, 3700, 5, 'CRYSTAL DECANTER BOTTLE - LUDOVICA FRANCIS', '20860.00', '18625.00', '0.00', 'dining/crystal/decanter.png', 5, 'y'),
(100, 1672, 5, '1X4 LUDOVICA FRANCIS FINE CRYSTAL COLLECTION', '7980.00', '7125.00', '0.00', 'dining/crystal/1x4.png', 6, 'y'),
(101, 1687, 5, '4X4 LUDOVICA FRANCIS FINE CRYSTAL COLLECTION', '28140.00', '25125.50', '0.00', 'dining/crystal/4x4.png', 7, 'y'),
(102, 1649, 6, 'CHINAWARES - COFFEE CUP - PRINCE THOBIAN', '2940.00', '2625.00', '0.00', 'noimage.png', 0, 'n'),
(103, 1650, 6, 'CHINAWARES - COFFEE SAUCER - PRINCE THOBIAN', '2940.00', '2625.00', '0.00', 'noimage.png', 0, 'n'),
(104, 1651, 6, 'CHINAWARES - DINNER PLATE - PRINCE THOBIAN', '5880.00', '5250.00', '0.00', 'noimage.png', 0, 'n'),
(105, 1652, 6, 'CHINAWARES - SUGAR BOWL & COVER - PRINCE THOBIAN', '5740.00', '5125.00', '0.00', 'dining/5basic3.png', 0, 'n'),
(106, 1653, 6, 'CHINAWARES - CREAMER - PRINCE THOBIAN', '5180.00', '4625.00', '0.00', 'dining/5basic4.png', 0, 'n'),
(107, 1654, 6, 'CHINAWARES - SOUP BOWL 23CM - PRINCE THOBIAN', '5180.00', '4625.00', '0.00', 'dining/5basic2.png', 0, 'n'),
(108, 1655, 6, 'CHINAWARES - MEDIUM PLATTER 31CM - PRINCE THOBIAN', '10920.00', '9750.00', '0.00', 'dining/5basic1.png', 0, 'n'),
(109, 1656, 6, 'CHINAWARES - RICE BOWL 4.5\" - PRINCE THOBIAN', '3220.00', '2875.00', '0.00', 'noimage.png', 0, 'n'),
(110, 1657, 6, 'CHINAWARES - SALAD PLATE 20CM - PRINCE THOBIAN', '3360.00', '3000.00', '0.00', 'noimage.png', 0, 'n'),
(111, 1659, 6, 'CHINAWARES - COVERED SOUP TUREEN - PRINCE THOBIAN', '19880.00', '17750.00', '0.00', 'dining/completers22.png', 0, 'n'),
(112, 1660, 6, 'CHINAWARES - GRAVY BOAT & SAUCER - PRINCE THOBIAN', '10920.00', '9750.00', '0.00', 'dining/completers23.png', 0, 'n'),
(113, 1661, 6, 'CHINAWARES - TEA / COFFEE SERVER - PRINCE THOBIAN', '12880.00', '11500.00', '0.00', 'dining/completers21.png', 0, 'n'),
(114, 1662, 6, 'CHINAWARES - SALT SHAKER - PRINCE THOBIAN', '1610.00', '1437.50', '0.00', 'dining/completers25.png', 0, 'n'),
(115, 1664, 6, 'CHINAWARES - COVERED BUTTER DISH - PRINCE THOBIAN', '10920.00', '9750.00', '0.00', 'dining/completers24.png', 0, 'n'),
(116, 3440, 6, 'CHINAWARES - ROUND VEGETABLE DISH - PRINCE THOBIAN', '8960.00', '8000.00', '0.00', 'noimage.png', 0, 'n'),
(117, 3554, 6, 'CHINAWARES - RICE SPOON - PRINCE THOBIAN', '0.00', '0.00', '0.00', 'noimage.png', 0, 'n'),
(118, 3555, 6, 'CHINAWARES - SALAD PLATE 20CM - BARON FRANCIS', '3920.00', '3500.00', '0.00', 'noimage.png', 0, 'n'),
(119, 3556, 6, 'CHINAWARES - RICE BOWL 4.5\" - BARON FRANCIS', '3360.00', '3000.00', '0.00', 'noimage.png', 0, 'n'),
(120, 3557, 6, 'CHINAWARES - RICE SPOON - BARON FRANCIS', '0.00', '0.00', '0.00', 'noimage.png', 0, 'n'),
(121, 3558, 6, 'CHINAWARES - SOUP BOWL 23CM - BARON FRANCIS', '5740.00', '5125.00', '0.00', 'noimage.png', 0, 'n'),
(122, 3559, 6, 'CHINAWARES - GRAVY SAUCER - PRINCE THOBIAN', '0.00', '0.00', '0.00', 'noimage.png', 0, 'n'),
(123, 3560, 6, 'CHINAWARES - BUTTER COVER ONLY - PRINCE THOBIAN', '0.00', '0.00', '0.00', 'noimage.png', 0, 'n'),
(124, 3561, 6, 'CHINAWARES - TEA / COFFEE SERVER - BARON FRANCIS', '13720.00', '12250.00', '0.00', 'noimage.png', 0, 'n'),
(125, 3562, 6, 'CHINAWARES - GRAVY SAUCER - BARON FRANCIS', '0.00', '0.00', '0.00', 'noimage.png', 0, 'n'),
(126, 3563, 6, 'CHINAWARES - GRAVY BOAT & SAUCER - BARON FRANCIS', '11620.00', '10375.00', '0.00', 'noimage.png', 0, 'n'),
(127, 3564, 6, 'CHINAWARES - LARGE PLATTER 36CM - BARON FRANCIS', '20440.00', '18250.00', '0.00', 'noimage.png', 0, 'n'),
(128, 3565, 6, 'CHINAWARES - BUTTER COVER ONLY - BARON FRANCIS', '0.00', '0.00', '0.00', 'noimage.png', 0, 'n'),
(129, 3566, 6, 'CHINAWARES - COVERED BUTTER DISH - BARON FRANCIS', '11620.00', '10375.00', '0.00', 'noimage.png', 0, 'n'),
(130, 3567, 6, 'CHINAWARES - COVERED SOUP TUREEN - BARON FRANCIS', '20440.00', '18250.00', '0.00', 'noimage.png', 0, 'n'),
(131, 3568, 6, 'CHINAWARES - PEPPER SHAKER - BARON FRANCIS', '1680.00', '1500.00', '0.00', 'noimage.png', 0, 'n'),
(132, 3569, 6, 'CHINAWARES - SALT SHAKER - BARON FRANCIS', '1680.00', '1500.00', '0.00', 'noimage.png', 0, 'n'),
(133, 3570, 6, 'CHINAWARES - MEDIUM PLATTER 31CM - BARON FRANCIS', '10920.00', '10000.00', '0.00', 'noimage.png', 0, 'n'),
(134, 3572, 6, 'CHINAWARES - ROUND VEGETABLE DISH - BARON FRANCIS', '9240.00', '8250.00', '0.00', 'noimage.png', 0, 'n'),
(135, 3573, 6, 'CHINAWARES - SUGAR BOWL & COVER - BARON FRANCIS', '6300.00', '5625.00', '0.00', 'noimage.png', 0, 'n'),
(136, 3574, 6, 'CHINAWARES - CREAMER - BARON FRANCIS', '5320.00', '4750.00', '0.00', 'noimage.png', 0, 'n'),
(137, 3575, 6, 'CHINAWARES - DINNER PLATE - BARON FRANCIS', '6300.00', '5625.00', '0.00', 'noimage.png', 0, 'n'),
(138, 3576, 6, 'CHINAWARES - COFFEE CUP - BARON FRANCIS', '2800.00', '2500.00', '0.00', 'noimage.png', 0, 'n'),
(139, 3577, 6, 'CHINAWARES - COFFEE SAUCER -  BARON FRANCIS', '2800.00', '2500.00', '0.00', 'noimage.png', 0, 'n'),
(140, 3597, 6, 'CHINAWARES - OVAL PLATTER', '0.00', '0.00', '0.00', 'noimage.png', 0, 'n'),
(141, 2906, 6, 'CHINAWARES - PEPPER SHAKER - PRINCE THOBIAN', '1610.00', '1437.50', '0.00', 'dining/completers25.png', 0, 'n'),
(142, 3207, 6, 'CHINAWARES - LARGE PLATTER 36CM - PRINCE THOBIAN', '19880.00', '17750.00', '0.00', 'noimage.png', 0, 'n'),
(143, 3456, 6, 'COMPLETER SET I INDIVIDUAL - BARON FRANCIS', '11620.00', '10375.00', '0.00', 'dining/finebone/baron/completers1individual.png', 1, 'y'),
(144, 1666, 6, 'COMPLETER SET I INDIVIDUAL - PRINCE THOBIAN', '10780.00', '9625.00', '0.00', 'dining/finebone/prince/completers1individual.png', 1, 'y'),
(145, 1644, 6, '1X3 PC SETTING - PRINCE THOBIAN', '9800.00', '8750.00', '0.00', 'dining/finebone/prince/1x3.png', 1, 'y'),
(146, 3453, 6, '1X3 PC SETTING - BARON FRANCIS', '11200.00', '10000.00', '0.00', 'dining/finebone/baron/1x3.png', 1, 'y'),
(147, 3454, 6, '4X3 PC SETTING - BARON FRANCIS', '39900.00', '35625.00', '0.00', 'dining/finebone/baron/4x3.png', 2, 'y'),
(148, 1645, 6, '4X3 PC SETTING - PRINCE THOBIAN', '37940.00', '33875.00', '0.00', 'dining/finebone/prince/4x3.png', 2, 'y'),
(149, 1647, 6, 'COMPLETER SET I PACKAGE - PRINCE THOBIAN', '37940.00', '33875.00', '0.00', 'dining/finebone/prince/completers1package.png', 2, 'y'),
(150, 3457, 6, 'COMPLETER SET I PACKAGE - BARON FRANCIS', '39900.00', '35625.00', '0.00', 'dining/finebone/baron/completers1package.png', 2, 'y'),
(151, 3458, 6, 'COMPLETER SET II INDIVIDUAL - BARON FRANCIS', '70840.00', '63250.00', '0.00', 'dining/finebone/baron/completers2.png', 3, 'y'),
(152, 1648, 6, 'COMPLETER SET II INDIVIDUAL - PRINCE THOBIAN', '66920.00', '59750.00', '0.00', 'dining/finebone/prince/completers2.png', 3, 'y'),
(153, 1646, 6, '5PC BASIC SERVING SET PRINCE THOBIAN', '27860.00', '24875.00', '0.00', 'dining/finebone/prince/5basic.png', 4, 'y'),
(154, 3455, 6, '5PC BASIC SERVING SET BARON FRANCIS', '29400.00', '26250.00', '0.00', 'dining/finebone/baron/5basic.png', 4, 'y'),
(155, 3520, 7, 'SERVING FORK - ADRIAN TABLEWARE WITH INLAID GOLD', '0.00', '0.00', '0.00', 'noimage.png', 0, 'n'),
(156, 985, 7, 'WOODEN CHEST DRAWER - ADRIAN TABLEWARE', '0.00', '0.00', '0.00', 'noimage.png', 0, 'n'),
(157, 3433, 7, 'DINNER KNIFE - ADRIAN TABLEWARE INLAID GOLD', '0.00', '0.00', '0.00', 'noimage.png', 0, 'n'),
(158, 3434, 7, 'DINNER SPOON - ADRIAN TABLEWARE INLAID GOLD', '0.00', '0.00', '0.00', 'noimage.png', 0, 'n'),
(159, 3435, 7, 'DINNER FORK - ADRIAN TABLEWARE INLAID GOLD', '0.00', '0.00', '0.00', 'noimage.png', 0, 'n'),
(160, 3436, 7, 'TEASPOON - ADRIAN TABLEWARE INLAID GOLD', '0.00', '0.00', '0.00', 'noimage.png', 0, 'n'),
(161, 3437, 7, 'SALAD FORK - ADRIAN TABLEWARE INLAID GOLD', '0.00', '0.00', '0.00', 'noimage.png', 0, 'n'),
(162, 3432, 7, '1X5 PC PLACE BASIC SERVING SET ADRIAN W/ INLAID GOLD', '5600.00', '5000.00', '0.00', 'dining/tableware/1x5.png', 1, 'y'),
(163, 3371, 7, '4X5 PC PLACE SETTING ADRIAN TABLEWARE W/ INLAID GOLD', '24220.00', '21625.00', '0.00', 'dining/tableware/4x5.png', 2, 'y'),
(164, 3372, 7, '12 SERVING PCS ADRIAN TABLEWARE WITH INLAID GOLD', '27720.00', '24750.00', '0.00', 'dining/tableware/12serving.png', 3, 'y'),
(165, 2140, 7, '72PC ADRIAN FINE TABLEWARE SET', '74900.00', '66875.00', '0.00', 'dining/tableware/72pc.png', 4, 'y'),
(166, 3452, 7, '3PC BASIC GIFT SET - ADRIAN FINE TABLEWARE INLAID GOLD COLLECTION', '5600.00', '5000.00', '0.00', 'dining/tableware/3pcbasic.png', 5, 'y'),
(167, 2915, 8, '10\" CERAMIC WATER FILTER W/ CARBON CARTRIDGE', '30940.00', '27625.00', '0.00', 'living/cwf.png', 0, 'y'),
(168, 2925, 8, 'CWF - 10\" CERAMIC CARBON CARTRIDGE', '2500.00', '0.00', '800.00', 'noimage.png', 0, 'n'),
(169, 1963, 8, 'CWF - 20\" CERAMIC CARBON CARTRIDGE', '3900.00', '0.00', '1000.00', 'noimage.png', 0, 'n'),
(170, 3410, 9, 'RG - DRIP KNOB FOR GLASS COVER', '0.00', '0.00', '0.00', 'noimage.png', 0, 'n'),
(171, 3411, 9, 'RG - GLASS COVER', '0.00', '0.00', '0.00', 'noimage.png', 0, 'n'),
(172, 3412, 9, 'RG - SS DOME COVER', '0.00', '0.00', '0.00', 'noimage.png', 0, 'n'),
(173, 3413, 9, 'RG - INSTRUCTION MANUAL', '0.00', '0.00', '0.00', 'noimage.png', 0, 'n'),
(174, 3414, 9, 'RG - COLORED BOX', '0.00', '0.00', '0.00', 'noimage.png', 0, 'n'),
(175, 3672, 11, 'MIPRO SPEAKER WITH STAND', '0.00', '0.00', '0.00', 'noimage.png', 0, 'n'),
(176, 4061, 11, 'NUTRITECH PACKAGING TAPE', '0.00', '0.00', '0.00', 'noimage.png', 0, 'n'),
(177, 2105, 12, '6\" BONING KNIFE', '0.00', '0.00', '0.00', 'noimage.png', 0, 'n'),
(178, 962, 12, '9PC BASIC GOURMET SET WITH KNIFE BLOCK', '37940.00', '33875.00', '0.00', 'dining/cutlery/9pc.png', 1, 'y'),
(179, 2113, 12, '6PC STEAK KNIFE WITH WOODEN CASE (4.5\")', '15960.00', '14250.00', '0.00', 'dining/cutlery/6pc.png', 2, 'y'),
(180, 961, 12, '16PC GOURMET SET W/ KNIFE BLOCK', '46900.00', '41875.00', '0.00', 'dining/cutlery/16pc.png', 3, 'y'),
(181, 4059, 12, 'MEAT CLEAVER W/ ELEGANT CASE', '9968.00', '8900.00', '0.00', 'dining/cutlery/mcl.png', 4, 'y'),
(182, 2916, 12, 'CHOP & DROP CUTTING BOARD - SQUARE', '9968.00', '8900.00', '0.00', 'dining/cutlery/cd_sq.png', 5, 'y'),
(183, 2917, 12, 'CHOP & DROP CUTTING BOARD - RECTANGLE', '9968.00', '8900.00', '0.00', 'dining/cutlery/cd_rec.png', 5, 'y'),
(184, 960, 12, '19PC HOMEMAKER SET', '57960.00', '51750.00', '0.00', 'dining/cutlery/19pc.png', 6, 'y'),
(185, 3441, 14, 'AIRTECH PURIFIER WITH GWMX - 220V', '119980.00', '107125.00', '0.00', 'living/atech.png', 1, 'y'),
(186, 3442, 14, 'AIRTECH PURIFIER WITH GWMX - 110V', '125020.00', '111625.00', '0.00', 'living/atech.png', 1, 'y'),
(187, 3451, 14, 'OUTDOOR MIST FAN HUMIDIFIER 220V', '42840.00', '38250.00', '0.00', 'living/mist_fan.png', 2, 'y'),
(188, 3505, 14, 'OUTDOOR MIST FAN HUMIDIFIER 110V', '44520.00', '39750.00', '0.00', 'living/mist_fan.png', 2, 'y'),
(189, 3443, 14, 'AIRTECH - CARTRIDGE SET W/ GWMX', '11850.00', '10580.00', '2500.00', 'living/atech_filter.png', 3, 'y');

-- --------------------------------------------------------

--
-- Table structure for table `item_class`
--

CREATE TABLE `item_class` (
  `id` int(11) NOT NULL,
  `item_class_description` varchar(255) NOT NULL
) ENGINE=InnoDB DEFAULT CHARSET=latin1;

--
-- Dumping data for table `item_class`
--

INSERT INTO `item_class` (`id`, `item_class_description`) VALUES
(1, 'COOKWARE \"SPECIALS\"'),
(2, 'FAST BREAK ITEM / KITCHEN ACCESSORIES'),
(3, 'JUICE EXTRACTION & FOOD PROCESSING  SYSTEM'),
(4, 'COOKWARE \"A TOUCH OF CLASS\"'),
(5, 'FINE CRYSTAL COLLECTION'),
(6, 'FINE BONE CHINA COLLECTION'),
(7, 'FINE TABLEWARE COLLECTION'),
(8, 'WATER FILTER SYSTEM'),
(9, 'SPARE PARTS'),
(10, 'MARKETING SOUVENIR ITEMS'),
(11, 'MARKETING MATERIALS'),
(12, 'FINE CUTLERY COLLECTION'),
(13, 'FIRST CLASS COLLECTION'),
(14, 'AIR PURIFICATION SYSTEM');

-- --------------------------------------------------------

--
-- Table structure for table `item_packages`
--

CREATE TABLE `item_packages` (
  `id` int(11) NOT NULL,
  `product_name` varchar(100) NOT NULL,
  `product_img` varchar(255) NOT NULL,
  `product_code` varchar(50) NOT NULL,
  `sequence` int(11) NOT NULL,
  `unit_price` decimal(18,2) NOT NULL
) ENGINE=InnoDB DEFAULT CHARSET=latin1;

--
-- Dumping data for table `item_packages`
--

INSERT INTO `item_packages` (`id`, `product_name`, `product_img`, `product_code`, `sequence`, `unit_price`) VALUES
(1, 'GRANDSLAM PACKAGE', 'collection/grandslam.png', 'MJURWAMBDC197117', 1, '927780.00'),
(2, 'BABY GRANDSLAM PACKAGE', 'collection/baby_g.png', 'MJURMA711', 2, '494340.00'),
(3, 'WESTERN BONANZA PACKAGE', 'collection/western.png', 'MJURMW', 3, '321300.00'),
(4, 'EASTERN BONANZA - PRINCE THOBIAN', 'collection/easternprince.png', 'PTCRC1C2', 5, '191520.00'),
(5, 'EASTERN BONANZA - BARON FRANCIS', 'collection/easternbaron.png', 'BFCRC1C2', 6, '200340.00'),
(6, 'ATLANTIC BONANZA - PRINCE THOBIAN', 'collection/atlanticprince.png', 'PTCR7219', 7, '225120.00'),
(7, 'ATLANTIC BONANZA - BARON FRANCIS', 'collection/atlanticbaron.png', 'BFCR7219', 8, '229320.00'),
(8, 'PACIFIC BONANZA PACKAGE', 'collection/pacific.png', 'MJUR', 4, '209160.00'),
(9, 'NORTHERN BONANZA PACKAGE', 'collection/northern.png', 'FBJ19', 9, '211260.00'),
(10, 'SOUTHERN BONANZA PACKAGE', 'collection/southern.png', 'MACJB', 10, '299880.00'),
(11, '31PC MASTER COOKWARE PACKAGE', 'collection/31pc.png', '31PC', 11, '263340.00');

-- --------------------------------------------------------

--
-- Table structure for table `portal_accounts`
--

CREATE TABLE `portal_accounts` (
  `id` int(11) NOT NULL,
  `user_id` int(11) NOT NULL,
  `username` varchar(50) NOT NULL,
  `password` varchar(100) NOT NULL,
  `type` int(11) NOT NULL DEFAULT '3',
  `disabled` int(1) NOT NULL DEFAULT '0',
  `distributor_id` int(11) NOT NULL,
  `temporary` int(11) NOT NULL DEFAULT '1'
) ENGINE=InnoDB DEFAULT CHARSET=latin1;

--
-- Dumping data for table `portal_accounts`
--

INSERT INTO `portal_accounts` (`id`, `user_id`, `username`, `password`, `type`, `disabled`, `distributor_id`, `temporary`) VALUES
(1, 17940, 'FELY_23', '5ca713a10fe1b3a9d821b3f381bbd96d', 3, 0, 17940, 0),
(2, 19111, 'LARA_MELISSA', '6d32baee163e9d8c667fe912db7bf792', 3, 0, 19111, 0),
(3, 22662, 'VIRRAO170802', 'ac9b7a13e83de05d7e6ae523fc01f53a', 3, 0, 22662, 0),
(4, 18959, 'ROYCE_JENNINE', 'e99a18c428cb38d5f260853678922e03', 3, 0, 18959, 0),
(5, 20563, 'VIBNAM160087', '25b0a42b7cf8faf28586626cebd0bb78', 3, 0, 20563, 0),
(6, 19001, 'COPRM160018 ', 'fed8bb9298b250ec551e11bf8e5eafd5', 3, 0, 19001, 0),
(7, 20398, 'COLVVL161046', '912175c809fcd640c6a55892cfd071c8', 3, 0, 20398, 0),
(8, 23089, 'JWRBSC170003', '1edd68b2179d79b123b32ea0e6806098', 3, 0, 23089, 0),
(9, 19109, 'JOSETTE', 'ef7ad3e0ddab4e0f49f172fab9b31962', 3, 0, 19109, 0),
(10, 26375, 'VIFRDD190263', 'd0c0aeb6e9427d222e904a239fdbd6ef', 3, 0, 26375, 0),
(11, 19791, 'FRELYN', 'e99a18c428cb38d5f260853678922e03', 3, 0, 19791, 0),
(12, 25969, 'RYQNGT180037', '4626ca35bf07b03f2fb07f13fa22881c', 3, 0, 25969, 0);

-- --------------------------------------------------------

--
-- Table structure for table `promo_items`
--

CREATE TABLE `promo_items` (
  `id` int(11) NOT NULL,
  `promo_id` int(11) NOT NULL,
  `promo_type_id` int(11) NOT NULL,
  `promo_code` varchar(50) NOT NULL,
  `promo_description` varchar(255) NOT NULL,
  `promo_period_from` datetime NOT NULL,
  `promo_period_to` datetime NOT NULL,
  `pse` decimal(18,2) NOT NULL,
  `tsp` decimal(18,2) NOT NULL,
  `nsp` decimal(18,2) NOT NULL,
  `item_package_id` int(11) NOT NULL
) ENGINE=InnoDB DEFAULT CHARSET=latin1;

--
-- Dumping data for table `promo_items`
--

INSERT INTO `promo_items` (`id`, `promo_id`, `promo_type_id`, `promo_code`, `promo_description`, `promo_period_from`, `promo_period_to`, `pse`, `tsp`, `nsp`, `item_package_id`) VALUES
(1, 7941, 1, 'M-10\" CWF', 'MONTHLY PROMO - 10\" CWF', '2019-02-22 00:00:00', '2019-03-04 00:00:00', '0.00', '30940.00', '27625.00', 0),
(2, 7931, 1, 'M-11PC COOKWARE', 'MONTHLY PROMO - 11PC COOKWARE', '2019-02-22 00:00:00', '2019-03-04 00:00:00', '0.00', '82880.00', '74000.00', 0),
(3, 7942, 1, 'M-12QT', 'MONTHLY PROMO - 12QT DUTCH OVEN ', '2019-02-22 00:00:00', '2019-03-04 00:00:00', '0.00', '30940.00', '27625.00', 0),
(4, 7932, 1, 'M-19PC ', 'MONTHLY PROMO - 19PC HOMEMAKER', '2019-02-22 00:00:00', '2019-03-04 00:00:00', '0.00', '57960.00', '51750.00', 0),
(5, 7939, 1, 'M-24QT', 'MONTHLY PROMO - 24QT STOCK POT', '2019-02-22 00:00:00', '2019-03-04 00:00:00', '0.00', '37940.00', '33875.00', 0),
(6, 7804, 1, 'M-4PC STEAMRWOK', 'MONTHLY PROMO - 4PC STEAMER WOK ', '2019-02-05 00:00:00', '2019-03-04 00:00:00', '0.00', '42840.00', '38250.00', 0),
(7, 7817, 1, 'M-4X3 BARON', 'MONTHLY PROMO - 4X3 PC PLACE SETTING BARON', '2019-02-05 00:00:00', '2019-03-04 00:00:00', '0.00', '39900.00', '35625.00', 0),
(8, 7818, 1, 'M-4X3 PRINCE', 'MONTHLY PROMO - 4X3 PC PLACE SETTING PRINCE', '2019-02-05 00:00:00', '2019-03-04 00:00:00', '0.00', '37940.00', '33875.00', 0),
(9, 7819, 1, 'M-4X4 LUDOVICA', 'MONTHLY PROMO - 4X4 PC PLACE SETTING LUDOVICA FRANCIS FINE CRYSTALS', '2019-02-05 00:00:00', '2019-03-04 00:00:00', '0.00', '28140.00', '25125.00', 0),
(10, 7820, 1, 'M-5PC BASIC BRN', 'MONTHLY PROMO - 5PC BASIC SERVING SET BARON', '2019-02-05 00:00:00', '2019-03-04 00:00:00', '0.00', '29400.00', '26250.00', 0),
(11, 7821, 1, 'M-5PC BASIC PRN', 'MONTHLY PROMO - 5PC BASIC SERVING SET PRINCE', '2019-02-05 00:00:00', '2019-03-04 00:00:00', '0.00', '27860.00', '24875.00', 0),
(12, 7950, 1, 'M-6PC STRAINER ', 'MONTHLY PROMO - 6 PC STRAINER SET', '2019-02-22 00:00:00', '2019-03-04 00:00:00', '0.00', '11900.00', '10625.00', 0),
(13, 7915, 1, 'M-72PC ADRIAN', 'MONTHLY PROMO - 72PC ADRIAN TABLEWARE', '2019-02-22 00:00:00', '2019-03-04 00:00:00', '0.00', '74900.00', '66875.00', 0),
(14, 7933, 1, 'M-7PC STARTER', 'MONTHLY PROMO - 7PC STARTER SET', '2019-02-22 00:00:00', '2019-03-04 00:00:00', '0.00', '49980.00', '44625.00', 0),
(15, 7786, 1, 'M-8PC JUMBO', 'MONTHLY PROMO - 8PC JUMBO COOKWARE SET', '2019-02-22 00:00:00', '2019-03-04 00:00:00', '0.00', '82880.00', '74000.00', 0),
(16, 7827, 1, 'M-8PC KSI', 'MONTHLY PROMO - 8PC KITCHEN SPECIALTY ITEMS', '2019-02-05 00:00:00', '2019-03-04 00:00:00', '0.00', '23380.00', '20875.00', 0),
(17, 7940, 1, 'M-9PC BASIC', 'MONTHLY PROMO - 9PC BASIC GOURMET SET', '2019-02-22 00:00:00', '2019-03-04 00:00:00', '0.00', '37940.00', '33875.00', 0),
(18, 7952, 1, 'M-BABY GRAND', 'MONTHLY PROMO - BABY GRAND SLAM PACKAGE', '2019-02-22 00:00:00', '2019-03-04 00:00:00', '0.00', '494340.00', '441375.00', 2),
(19, 7812, 1, 'M-CD', 'MONTHLY PROMO - CHAFING DISH', '2019-02-05 00:00:00', '2019-03-04 00:00:00', '0.00', '37940.00', '33875.00', 0),
(20, 7938, 1, 'M-COFP', 'MONTHLY PROMO - COLOSSAL OVAL FISH POACHER', '2019-02-22 00:00:00', '2019-03-04 00:00:00', '0.00', '42840.00', '38250.00', 0),
(21, 7815, 1, 'M-COM SET1 BRN', 'MONTHLY PROMO - COMPLETER SET 1 BARON FRANCIS FINE BONE CHINA', '2019-02-05 00:00:00', '2019-03-04 00:00:00', '0.00', '39900.00', '35625.00', 0),
(22, 7816, 1, 'M-COM SET1 PRN', 'MONTHLY PROMO - COMPLETER SET 1 PRINCE THOBIAN FINE BONE CHINA', '2019-02-05 00:00:00', '2019-03-04 00:00:00', '0.00', '37940.00', '33875.00', 0),
(23, 7813, 1, 'M-COM SET2 BRN', 'MONTHLY PROMO - COMPLETER SET 2 BARON FRANCIS FINE BONE CHINA', '2019-02-05 00:00:00', '2019-03-04 00:00:00', '0.00', '70840.00', '63250.00', 0),
(24, 7814, 1, 'M-COM SET2 PRN', 'MONTHLY PROMO - COMPLETER SET 2 PRINCE THOBIAN FINE BONE CHINA', '2019-02-05 00:00:00', '2019-03-04 00:00:00', '0.00', '66920.00', '59750.00', 0),
(25, 7937, 1, 'M-CTECH 110V', 'MONTHLY PROMO - COFFEETECH 110V', '2019-02-22 00:00:00', '2019-03-04 00:00:00', '0.00', '46480.00', '41500.00', 0),
(26, 7936, 1, 'M-CTECH 220V', 'MONTHLY PROMO - COFFEETECH 220V', '2019-02-22 00:00:00', '2019-03-04 00:00:00', '0.00', '44800.00', '40000.00', 0),
(27, 7825, 1, 'M-DTIC 110V', 'MONTHLY PROMO - DIGITAL TITANIUM INDUCTION COOKER 110V', '2019-02-05 00:00:00', '2019-03-04 00:00:00', '0.00', '29540.00', '26375.00', 0),
(28, 7826, 1, 'M-DTIC 220V', 'MONTHLY PROMO - DIGITAL TITANIUM INDUCTION COOKER 220V', '2019-02-05 00:00:00', '2019-03-04 00:00:00', '0.00', '27860.00', '24875.00', 0),
(29, 7947, 1, 'M-EMK', 'MONTHLY PROMO - ELEGANT MEAL KIT', '2019-02-22 00:00:00', '2019-03-04 00:00:00', '0.00', '14980.00', '13375.00', 0),
(30, 7792, 1, 'M-FBTECH 110V', 'MONTHLY PROMO - FOODBLENDERTECH 110V', '2019-02-05 00:00:00', '2019-03-04 00:00:00', '15000.00', '62720.00', '56000.00', 0),
(31, 7793, 1, 'M-FBTECH 220V', 'MONTHLY PROMO - FOOD BLENDERTECH 220V', '2019-02-05 00:00:00', '2019-03-04 00:00:00', '15000.00', '59920.00', '53500.00', 0),
(32, 7951, 1, 'M-GRAND SLAM', 'MONTHLY PROMO - GRAND SLAM PACKAGE', '2019-02-22 00:00:00', '2019-03-04 00:00:00', '0.00', '927780.00', '828375.00', 1),
(33, 7794, 1, 'M-JM 110V', 'MONTHLY PROMO - JUICE MASTER 110V', '2019-02-05 00:00:00', '2019-03-04 00:00:00', '0.00', '59920.00', '53500.00', 0),
(34, 7795, 1, 'M-JM 220V', 'MONTHLY PROMO - JUICE MASTER 220V', '2019-02-05 00:00:00', '2019-03-04 00:00:00', '0.00', '57960.00', '51750.00', 0),
(35, 7839, 1, 'M-JM+MC', 'MONTHLY - JUICE MASTER + MAGIC COOKER', '2019-02-05 00:00:00', '2019-03-04 00:00:00', '0.00', '132860.00', '118625.00', 0),
(36, 7840, 1, 'M-JM+UC', 'MONTHLY - JUICE MASTER + ULTRA CORE', '2019-02-05 00:00:00', '2019-03-04 00:00:00', '0.00', '127820.00', '114125.00', 0),
(37, 7944, 1, 'M-LOTC', 'MONTHLY PROMO - LARGE STAINLESS STEEL OVAL TRAY W/ COVER', '2019-02-22 00:00:00', '2019-03-04 00:00:00', '0.00', '20860.00', '18625.00', 0),
(38, 7945, 1, 'M-LPC', 'MONTHLY PROMO - LIFESTYLE PAN WITH COVER', '2019-02-22 00:00:00', '2019-03-04 00:00:00', '0.00', '15960.00', '14250.00', 0),
(39, 7788, 1, 'M-MC 110V', 'MONTHLY PROMO - MAGIC COOKER 110V', '2019-02-05 00:00:00', '2019-03-04 00:00:00', '0.00', '76636.00', '66875.00', 0),
(40, 7787, 1, 'M-MC 220V', 'MONTHLY PROMO - MAGIC COOKER 220V', '2019-02-05 00:00:00', '2019-03-04 00:00:00', '0.00', '74900.00', '66875.00', 0),
(41, 7838, 1, 'M-MC+UC', 'MONTHLY - MAGIC COOKER + ULTRA CORE', '2019-02-05 00:00:00', '2019-03-04 00:00:00', '0.00', '144760.00', '129250.00', 0),
(42, 7935, 1, 'M-MCGT 110V', 'MONTHLY PROMO - MCGT 110V', '2019-02-22 00:00:00', '2019-03-04 00:00:00', '0.00', '46480.00', '41500.00', 0),
(43, 7934, 1, 'M-MCGT 220V', 'MONTHLY PROMO - MCGT 220V', '2019-02-22 00:00:00', '2019-03-04 00:00:00', '0.00', '44800.00', '40000.00', 0),
(44, 7802, 1, 'M-MIST FAN 110V', 'MONTHLY - OUTDOOR MIST FAN 110V', '2019-02-05 00:00:00', '2019-03-04 00:00:00', '0.00', '44520.00', '39750.00', 0),
(45, 7803, 1, 'M-MIST FAN 220V', 'MONTHLY - OUTDOOR MIST FAN 220V', '2019-02-05 00:00:00', '2019-03-04 00:00:00', '0.00', '42840.00', '38250.00', 0),
(46, 7822, 1, 'M-RC', 'MONTHLY PROMO - 10.5QT RAPID COOKWARE', '2019-02-05 00:00:00', '2019-03-04 00:00:00', '0.00', '30940.00', '27625.00', 0),
(47, 7800, 1, 'M-RCK 110V', 'MONTHLY PROMO - AUTOMATIC S/S RICE COOKER 110V', '2019-02-05 00:00:00', '2019-03-04 00:00:00', '0.00', '46480.00', '41500.00', 0),
(48, 7801, 1, 'M-RCK 220V', 'MONTHLY PROMO - AUTOMATIC S/S RICE COOKER 220V', '2019-02-05 00:00:00', '2019-03-04 00:00:00', '0.00', '44800.00', '40000.00', 0),
(49, 7949, 1, 'M-THERMOTECH', 'MONTHLY PROMO - THERMOTECH', '2019-02-22 00:00:00', '2019-03-04 00:00:00', '0.00', '11900.00', '10625.00', 0),
(50, 7790, 1, 'M-UC 110V', 'MONTHLY PROMO - ULTRACORE 110V', '2019-02-05 00:00:00', '2019-03-04 00:00:00', '0.00', '71470.00', '63812.50', 0),
(51, 7791, 1, 'M-UC 220V', 'MONTHLY PROMO - ULTRACORE 220V', '2019-02-05 00:00:00', '2019-03-04 00:00:00', '0.00', '69860.00', '62375.00', 0),
(52, 7796, 1, 'M-UTECH 110V', 'MONTHLY PROMO - ULTRATECH 110V', '2019-02-05 00:00:00', '2019-03-04 00:00:00', '0.00', '59920.00', '53500.00', 0),
(53, 7797, 1, 'M-UTECH 220V', 'MONTHLY PROMO - ULTRATECH 220V', '2019-02-05 00:00:00', '2019-03-04 00:00:00', '0.00', '57960.00', '51750.00', 0),
(54, 7946, 1, 'M-UWK', 'MONTHLY PROMO - ULTIMATE WHISTLING KETTLE', '2019-02-22 00:00:00', '2019-03-04 00:00:00', '0.00', '14980.00', '13375.00', 0),
(55, 7943, 1, 'M-VFS', 'MONTHLY PROMO - VACUUM FRESH SET', '2019-02-22 00:00:00', '2019-03-04 00:00:00', '0.00', '20860.00', '18625.00', 0),
(56, 7887, 2, 'B-11PC COOKWARE', ' BOOSTER - 11PC FAMILY COOKWARE SET', '2019-02-22 00:00:00', '2019-03-04 00:00:00', '0.00', '82880.00', '74000.00', 0),
(57, 7911, 2, 'B-4PC STEAMRWOK', ' BOOSTER - 4PC STEAMER WOK', '2019-02-22 00:00:00', '2019-03-04 00:00:00', '0.00', '42840.00', '38250.00', 0),
(58, 7893, 2, 'B-72PC ADRIAN ', ' BOOSTER - 72 ADRIAN FLATWARE SET', '2019-02-22 00:00:00', '2019-03-04 00:00:00', '0.00', '74900.00', '66875.00', 0),
(59, 7889, 2, 'B-8PC JUMBO', ' BOOSTER - 8PC JUMBO COOKWARE SET', '2019-02-22 00:00:00', '2019-03-04 00:00:00', '0.00', '82880.00', '74000.00', 0),
(60, 7885, 2, 'B-AIRTECH 110V', 'BOOSTER - AIRTECH 110V', '2019-02-22 00:00:00', '2019-03-04 00:00:00', '0.00', '125020.00', '111625.00', 0),
(61, 7883, 2, 'B-AIRTECH 220V', 'BOOSTER - AIRTECH 220V', '2019-02-22 00:00:00', '2019-03-04 00:00:00', '0.00', '119980.00', '107125.00', 0),
(62, 7905, 2, 'B-CTECH 110V', 'BOOSTER - COFFEETECH 110V', '2019-02-22 00:00:00', '2019-03-04 00:00:00', '0.00', '46480.00', '41500.00', 0),
(63, 7903, 2, 'B-CTECH 220V', 'BOOSTER - COFFEETECH 220V', '2019-02-22 00:00:00', '2019-03-04 00:00:00', '0.00', '44800.00', '40000.00', 0),
(64, 7910, 2, 'B-FBTECH 110V', ' BOOSTER - FOODBLENDERTECH 110V', '2019-02-22 00:00:00', '2019-03-04 00:00:00', '15000.00', '62720.00', '56000.00', 0),
(65, 7909, 2, 'B-FBTECH 220V', ' BOOSTER - FOODBLENDERTECH 220V', '2019-02-22 00:00:00', '2019-03-04 00:00:00', '15000.00', '59920.00', '53500.00', 0),
(66, 7901, 2, 'B-MCGT 110V', ' BOOSTER - MEGA CONTACT GRILL TOASTER 110V', '2019-02-22 00:00:00', '2019-03-04 00:00:00', '0.00', '46480.00', '41500.00', 0),
(67, 7899, 2, 'B-MCGT 220V', ' BOOSTER - MEGA CONTACT GRILL TOASTER 220V', '2019-02-22 00:00:00', '2019-03-04 00:00:00', '0.00', '44800.00', '40000.00', 0),
(68, 7880, 2, 'B-PACIFIC', ' BOOSTER - PACIFIC BONANZA', '2019-02-22 00:00:00', '2019-03-04 00:00:00', '0.00', '209160.00', '186750.00', 8),
(69, 7917, 2, 'B-RCK 110V', 'BOOSTER-RICE COOKWARE 110V', '2019-02-22 00:00:00', '2019-03-04 00:00:00', '0.00', '46480.00', '41500.00', 0),
(70, 7916, 2, 'B-RCK 220V', 'BOOSTER-RICE COOKWARE 220V', '2019-02-22 00:00:00', '2019-03-04 00:00:00', '0.00', '44800.00', '40000.00', 0),
(71, 7908, 2, 'B-UC 110V', ' BOOSTER - ULTRACORE 110V', '2019-02-22 00:00:00', '2019-03-04 00:00:00', '0.00', '71470.00', '63812.50', 0),
(72, 7907, 2, 'B-UC 220V', ' BOOSTER - ULTRACORE 220V', '2019-02-22 00:00:00', '2019-03-04 00:00:00', '0.00', '69860.00', '62375.00', 0),
(73, 7878, 2, 'B-WESTERN', 'BOOSTER - WESTERN BONANZA', '2019-02-22 00:00:00', '2019-03-04 00:00:00', '0.00', '321300.00', '286875.00', 3),
(74, 7913, 3, 'SPL-JM 110V', 'SPECIALS - JUICE MASTER 110V', '2019-02-22 00:00:00', '2019-03-04 00:00:00', '17000.00', '59920.00', '53500.00', 0),
(75, 7914, 3, 'SPL-JM 220V', 'SPECIALS - JUICE MASTER 220V', '2019-02-22 00:00:00', '2019-03-04 00:00:00', '17000.00', '57960.00', '51750.00', 0),
(76, 7763, 7, 'MG-CO', 'MANAGERS GATHERING - CAN OPENER', '2019-02-05 00:00:00', '2019-03-04 00:00:00', '0.00', '2500.00', '0.00', 0),
(77, 7762, 7, 'MG-KS', 'MANAGERS GATHERING - KITCHEN SHEARS', '2019-02-05 00:00:00', '2019-03-04 00:00:00', '0.00', '3500.00', '0.00', 0),
(78, 7766, 8, 'CONVENTION-JM', '2020 CONVENTION - JM', '2019-02-05 00:00:00', '2019-03-04 00:00:00', '0.00', '50900.00', '0.00', 0),
(79, 7764, 8, 'CONVENTION-MCGT', '2020 CONVENTION - MCGT', '2019-02-05 00:00:00', '2019-03-04 00:00:00', '0.00', '30000.00', '0.00', 0),
(80, 7765, 8, 'CONVENTION-RCK', '2020 CONVENTION - RCK', '2019-02-05 00:00:00', '2019-03-04 00:00:00', '0.00', '30000.00', '0.00', 0),
(81, 7912, 16, 'FBK-BTL', 'FASTBREAK PROMO - BLEISURE TRAVEL LIGHT LUGGAGE', '2019-02-22 00:00:00', '2019-03-04 00:00:00', '3000.00', '14980.00', '0.00', 0);

-- --------------------------------------------------------

--
-- Table structure for table `promo_item_breakdown`
--

CREATE TABLE `promo_item_breakdown` (
  `id` int(11) NOT NULL,
  `con_id` int(11) NOT NULL,
  `item_id` int(11) NOT NULL,
  `distribution_type_id` int(11) NOT NULL,
  `transaction_qty` int(11) NOT NULL,
  `unit_price` decimal(18,2) NOT NULL,
  `nsp` decimal(18,2) NOT NULL,
  `recipient` varchar(5) NOT NULL,
  `item_bundle_id` int(11) NOT NULL,
  `is_price_per_unit` char(1) NOT NULL DEFAULT 'N'
) ENGINE=InnoDB DEFAULT CHARSET=latin1;

--
-- Dumping data for table `promo_item_breakdown`
--

INSERT INTO `promo_item_breakdown` (`id`, `con_id`, `item_id`, `distribution_type_id`, `transaction_qty`, `unit_price`, `nsp`, `recipient`, `item_bundle_id`, `is_price_per_unit`) VALUES
(1, 7941, 2915, 1, 1, '30940.00', '27625.00', 'CU', 0, 'N'),
(2, 7941, 3537, 2, 1, '0.00', '0.00', 'CU', 0, 'N'),
(3, 7941, 3537, 2, 1, '0.00', '0.00', 'SD', 0, 'N'),
(4, 7941, 1632, 2, 1, '0.00', '0.00', 'CU', 0, 'N'),
(5, 7931, 1888, 1, 1, '0.00', '0.00', 'CU', 1887, 'N'),
(6, 7931, 1892, 1, 1, '0.00', '0.00', 'CU', 1887, 'N'),
(7, 7931, 1904, 1, 1, '0.00', '0.00', 'CU', 1887, 'N'),
(8, 7931, 1901, 1, 1, '0.00', '0.00', 'CU', 1887, 'N'),
(9, 7931, 958, 1, 1, '82880.00', '74000.00', 'CU', 1887, 'N'),
(10, 7931, 3996, 2, 1, '0.00', '0.00', 'CU', 0, 'N'),
(11, 7931, 2907, 2, 1, '0.00', '0.00', 'SD', 0, 'N'),
(12, 7942, 2051, 1, 1, '30940.00', '27625.00', 'CU', 0, 'N'),
(13, 7942, 3537, 2, 1, '0.00', '0.00', 'CU', 0, 'N'),
(14, 7942, 3537, 2, 1, '0.00', '0.00', 'SD', 0, 'N'),
(15, 7942, 1632, 2, 1, '0.00', '0.00', 'CU', 0, 'N'),
(16, 7932, 2917, 1, 1, '57960.00', '51750.00', 'CU', 960, 'N'),
(17, 7932, 1632, 1, 1, '0.00', '0.00', 'CU', 960, 'N'),
(18, 7932, 962, 1, 1, '0.00', '0.00', 'CU', 960, 'N'),
(19, 7932, 2113, 1, 1, '0.00', '0.00', 'CU', 960, 'N'),
(20, 7932, 4059, 1, 1, '0.00', '0.00', 'CU', 0, 'N'),
(21, 7932, 2915, 2, 1, '0.00', '0.00', 'CU', 0, 'N'),
(22, 7932, 4055, 2, 1, '0.00', '0.00', 'SD', 0, 'N'),
(23, 7939, 972, 1, 1, '37940.00', '33875.00', 'CU', 0, 'N'),
(24, 7939, 3537, 2, 1, '0.00', '0.00', 'CU', 0, 'N'),
(25, 7939, 4059, 2, 1, '0.00', '0.00', 'CU', 0, 'N'),
(26, 7939, 2908, 2, 1, '0.00', '0.00', 'SD', 0, 'N'),
(27, 7804, 3448, 1, 1, '42840.00', '38250.00', 'CU', 0, 'N'),
(28, 7804, 3537, 2, 1, '0.00', '0.00', 'CU', 0, 'N'),
(29, 7804, 4059, 2, 1, '0.00', '0.00', 'CU', 0, 'N'),
(30, 7804, 2908, 2, 1, '0.00', '0.00', 'SD', 0, 'N'),
(31, 7817, 3575, 1, 4, '39900.00', '35625.00', 'CU', 3454, 'N'),
(32, 7817, 3577, 1, 4, '0.00', '0.00', 'CU', 3454, 'N'),
(33, 7817, 3576, 1, 4, '0.00', '0.00', 'CU', 3454, 'N'),
(34, 7817, 3450, 2, 1, '0.00', '0.00', 'SD', 0, 'N'),
(35, 7817, 2013, 2, 1, '0.00', '0.00', 'CU', 0, 'N'),
(36, 7818, 1650, 1, 4, '37940.00', '33875.00', 'CU', 1645, 'N'),
(37, 7818, 1649, 1, 4, '0.00', '0.00', 'CU', 1645, 'N'),
(38, 7818, 1651, 1, 4, '0.00', '0.00', 'CU', 1645, 'N'),
(39, 7818, 3450, 2, 1, '0.00', '0.00', 'SD', 0, 'N'),
(40, 7818, 2013, 2, 1, '0.00', '0.00', 'CU', 0, 'N'),
(41, 7819, 1742, 1, 4, '0.00', '0.00', 'CU', 1687, 'N'),
(42, 7819, 1741, 1, 4, '0.00', '0.00', 'CU', 1687, 'N'),
(43, 7819, 1740, 1, 4, '0.00', '0.00', 'CU', 1687, 'N'),
(44, 7819, 1739, 1, 4, '28140.00', '25125.00', 'CU', 1687, 'N'),
(45, 7819, 3450, 2, 1, '0.00', '0.00', 'SD', 0, 'N'),
(46, 7819, 2013, 2, 1, '0.00', '0.00', 'CU', 0, 'N'),
(47, 7820, 3572, 1, 1, '0.00', '0.00', 'CU', 3455, 'N'),
(48, 7820, 3570, 1, 1, '0.00', '0.00', 'CU', 3455, 'N'),
(49, 7820, 3573, 1, 1, '0.00', '0.00', 'CU', 3455, 'N'),
(50, 7820, 3574, 1, 1, '29400.00', '26250.00', 'CU', 3455, 'N'),
(51, 7820, 3450, 2, 1, '0.00', '0.00', 'SD', 0, 'N'),
(52, 7820, 2013, 2, 1, '0.00', '0.00', 'CU', 0, 'N'),
(53, 7821, 1655, 1, 1, '0.00', '0.00', 'CU', 1646, 'N'),
(54, 7821, 1652, 1, 1, '0.00', '0.00', 'CU', 1646, 'N'),
(55, 7821, 1653, 1, 1, '0.00', '0.00', 'CU', 1646, 'N'),
(56, 7821, 3440, 1, 1, '27860.00', '24875.00', 'CU', 1646, 'N'),
(57, 7821, 3450, 2, 1, '0.00', '0.00', 'SD', 0, 'N'),
(58, 7821, 2013, 2, 1, '0.00', '0.00', 'CU', 0, 'N'),
(59, 7950, 2910, 1, 1, '11900.00', '10625.00', 'CU', 0, 'N'),
(60, 7950, 1632, 2, 1, '0.00', '0.00', 'SD', 0, 'N'),
(61, 7950, 3321, 2, 1, '0.00', '0.00', 'CU', 0, 'N'),
(62, 7915, 3371, 1, 3, '0.00', '0.00', 'CU', 2140, 'N'),
(63, 7915, 3372, 1, 1, '74900.00', '66875.00', 'CU', 2140, 'N'),
(64, 7915, 985, 1, 1, '0.00', '0.00', 'CU', 2140, 'N'),
(65, 7915, 3996, 2, 1, '0.00', '0.00', 'CU', 0, 'N'),
(66, 7915, 2907, 2, 1, '0.00', '0.00', 'SD', 0, 'N'),
(67, 7933, 1153, 1, 1, '0.00', '0.00', 'CU', 2913, 'N'),
(68, 7933, 1154, 1, 1, '0.00', '0.00', 'CU', 2913, 'N'),
(69, 7933, 2914, 1, 1, '49980.00', '44625.00', 'CU', 2913, 'N'),
(70, 7933, 2915, 2, 1, '0.00', '0.00', 'CU', 0, 'N'),
(71, 7933, 4055, 2, 1, '0.00', '0.00', 'SD', 0, 'N'),
(72, 7786, 2051, 1, 1, '0.00', '0.00', 'CU', 3449, 'N'),
(73, 7786, 972, 1, 1, '0.00', '0.00', 'CU', 3449, 'N'),
(74, 7786, 3448, 1, 1, '82880.00', '74000.00', 'CU', 3449, 'N'),
(75, 7786, 2907, 2, 1, '0.00', '0.00', 'SD', 0, 'N'),
(76, 7786, 3996, 2, 1, '0.00', '0.00', 'CU', 0, 'N'),
(77, 7827, 2013, 1, 1, '23380.00', '20875.00', 'CU', 0, 'N'),
(78, 7827, 2916, 2, 1, '0.00', '0.00', 'CU', 0, 'N'),
(79, 7827, 3452, 2, 1, '0.00', '0.00', 'SD', 0, 'N'),
(80, 7940, 962, 1, 1, '37940.00', '33875.00', 'CU', 0, 'N'),
(81, 7940, 3537, 2, 1, '0.00', '0.00', 'CU', 0, 'N'),
(82, 7940, 4059, 2, 1, '0.00', '0.00', 'CU', 0, 'N'),
(83, 7940, 2908, 2, 1, '0.00', '0.00', 'SD', 0, 'N'),
(84, 7952, 3448, 1, 1, '494340.00', '441375.00', 'CU', 0, 'N'),
(85, 7952, 3948, 1, 1, '0.00', '0.00', 'CU', 0, 'N'),
(86, 7952, 1827, 1, 1, '0.00', '0.00', 'CU', 0, 'N'),
(87, 7952, 3998, 1, 1, '0.00', '0.00', 'CU', 0, 'N'),
(88, 7952, 3441, 1, 1, '0.00', '0.00', 'CU', 0, 'N'),
(89, 7952, 1888, 1, 1, '0.00', '0.00', 'CU', 1887, 'N'),
(90, 7952, 1892, 1, 1, '0.00', '0.00', 'CU', 1887, 'N'),
(91, 7952, 1904, 1, 1, '0.00', '0.00', 'CU', 1887, 'N'),
(92, 7952, 1901, 1, 1, '0.00', '0.00', 'CU', 1887, 'N'),
(93, 7952, 958, 1, 1, '0.00', '0.00', 'CU', 1887, 'N'),
(94, 7952, 2005, 1, 1, '0.00', '0.00', 'CU', 0, 'N'),
(95, 7952, 1153, 1, 1, '0.00', '0.00', 'CU', 2913, 'N'),
(96, 7952, 1154, 1, 1, '0.00', '0.00', 'CU', 2913, 'N'),
(97, 7952, 2914, 1, 1, '0.00', '0.00', 'CU', 2913, 'N'),
(98, 7952, 3527, 2, 1, '0.00', '0.00', 'CU', 0, 'N'),
(99, 7952, 3451, 2, 1, '0.00', '0.00', 'CU', 0, 'N'),
(100, 7952, 1076, 2, 1, '0.00', '0.00', 'CU', 0, 'N'),
(101, 7952, 2013, 2, 1, '0.00', '0.00', 'CU', 0, 'N'),
(102, 7952, 1143, 2, 1, '0.00', '0.00', 'CU', 0, 'N'),
(103, 7952, 1155, 2, 1, '0.00', '0.00', 'CU', 0, 'N'),
(104, 7952, 1632, 2, 1, '0.00', '0.00', 'CU', 0, 'N'),
(105, 7952, 1827, 2, 1, '0.00', '0.00', 'SD', 0, 'N'),
(106, 7952, 4055, 2, 1, '0.00', '0.00', 'SD', 0, 'N'),
(107, 7952, 2051, 2, 1, '0.00', '0.00', 'SD', 0, 'N'),
(108, 7952, 1155, 2, 1, '0.00', '0.00', 'SD', 0, 'N'),
(109, 7952, 962, 2, 1, '0.00', '0.00', 'SD', 0, 'N'),
(110, 7952, 2910, 2, 1, '0.00', '0.00', 'SD', 0, 'N'),
(111, 7952, 963, 2, 1, '0.00', '0.00', 'SD', 0, 'N'),
(112, 7812, 1006, 1, 1, '37940.00', '33875.00', 'CU', 0, 'N'),
(113, 7812, 3537, 2, 1, '0.00', '0.00', 'CU', 0, 'N'),
(114, 7812, 4059, 2, 1, '0.00', '0.00', 'CU', 0, 'N'),
(115, 7812, 2908, 2, 1, '0.00', '0.00', 'SD', 0, 'N'),
(116, 7938, 3537, 2, 1, '0.00', '0.00', 'CU', 0, 'N'),
(117, 7938, 4059, 2, 1, '0.00', '0.00', 'CU', 0, 'N'),
(118, 7938, 2908, 2, 1, '0.00', '0.00', 'SD', 0, 'N'),
(119, 7938, 3996, 1, 1, '42840.00', '38250.00', 'CU', 0, 'N'),
(120, 7815, 3555, 1, 4, '0.00', '0.00', 'CU', 3457, 'N'),
(121, 7815, 3556, 1, 4, '0.00', '0.00', 'CU', 3457, 'N'),
(122, 7815, 3557, 1, 4, '0.00', '0.00', 'CU', 3457, 'N'),
(123, 7815, 3558, 1, 4, '39900.00', '35625.00', 'CU', 3457, 'N'),
(124, 7815, 3450, 2, 1, '0.00', '0.00', 'SD', 0, 'N'),
(125, 7815, 2013, 2, 1, '0.00', '0.00', 'CU', 0, 'N'),
(126, 7816, 1657, 1, 4, '0.00', '0.00', 'CU', 1647, 'N'),
(127, 7816, 1656, 1, 4, '0.00', '0.00', 'CU', 1647, 'N'),
(128, 7816, 1654, 1, 4, '0.00', '0.00', 'CU', 1647, 'N'),
(129, 7816, 3554, 1, 4, '37940.00', '33875.00', 'CU', 1647, 'N'),
(130, 7816, 3450, 2, 1, '0.00', '0.00', 'SD', 0, 'N'),
(131, 7816, 2013, 2, 1, '0.00', '0.00', 'CU', 0, 'N'),
(132, 7813, 3561, 1, 1, '0.00', '0.00', 'CU', 3458, 'N'),
(133, 7813, 3563, 1, 1, '0.00', '0.00', 'CU', 3458, 'N'),
(134, 7813, 3564, 1, 1, '0.00', '0.00', 'CU', 3458, 'N'),
(135, 7813, 3566, 1, 1, '0.00', '0.00', 'CU', 3458, 'N'),
(136, 7813, 3567, 1, 1, '0.00', '0.00', 'CU', 3458, 'N'),
(137, 7813, 3568, 1, 1, '0.00', '0.00', 'CU', 3458, 'N'),
(138, 7813, 3569, 1, 1, '70840.00', '63250.00', 'CU', 3458, 'N'),
(139, 7813, 2013, 2, 1, '0.00', '0.00', 'CU', 0, 'N'),
(140, 7813, 3450, 2, 1, '0.00', '0.00', 'SD', 0, 'N'),
(141, 7814, 1661, 1, 1, '0.00', '0.00', 'CU', 1648, 'N'),
(142, 7814, 1660, 1, 1, '0.00', '0.00', 'CU', 1648, 'N'),
(143, 7814, 3207, 1, 1, '0.00', '0.00', 'CU', 1648, 'N'),
(144, 7814, 1664, 1, 1, '0.00', '0.00', 'CU', 1648, 'N'),
(145, 7814, 1659, 1, 1, '0.00', '0.00', 'CU', 1648, 'N'),
(146, 7814, 1662, 1, 1, '0.00', '0.00', 'CU', 1648, 'N'),
(147, 7814, 2906, 1, 1, '66920.00', '59750.00', 'CU', 1648, 'N'),
(148, 7814, 3450, 2, 1, '0.00', '0.00', 'SD', 0, 'N'),
(149, 7814, 2013, 2, 1, '0.00', '0.00', 'CU', 0, 'N'),
(150, 7937, 3531, 1, 1, '46480.00', '41500.00', 'CU', 0, 'N'),
(151, 7937, 3537, 2, 1, '0.00', '0.00', 'CU', 0, 'N'),
(152, 7937, 4059, 2, 1, '0.00', '0.00', 'CU', 0, 'N'),
(153, 7937, 2908, 2, 1, '0.00', '0.00', 'SD', 0, 'N'),
(154, 7936, 3537, 2, 1, '0.00', '0.00', 'CU', 0, 'N'),
(155, 7936, 4059, 2, 1, '0.00', '0.00', 'CU', 0, 'N'),
(156, 7936, 2908, 2, 1, '0.00', '0.00', 'SD', 0, 'N'),
(157, 7936, 3527, 1, 1, '44800.00', '40000.00', 'CU', 0, 'N'),
(158, 7825, 3537, 2, 1, '0.00', '0.00', 'CU', 0, 'N'),
(159, 7825, 3537, 2, 1, '0.00', '0.00', 'SD', 0, 'N'),
(160, 7825, 4057, 1, 1, '29540.00', '26375.00', 'CU', 0, 'N'),
(161, 7825, 1632, 2, 1, '0.00', '0.00', 'CU', 0, 'N'),
(162, 7826, 4055, 1, 1, '27860.00', '24875.00', 'CU', 0, 'N'),
(163, 7826, 3537, 2, 1, '0.00', '0.00', 'CU', 0, 'N'),
(164, 7826, 3537, 2, 1, '0.00', '0.00', 'SD', 0, 'N'),
(165, 7826, 1632, 2, 1, '0.00', '0.00', 'CU', 0, 'N'),
(166, 7947, 3545, 1, 1, '14980.00', '13375.00', 'CU', 0, 'N'),
(167, 7947, 2916, 2, 1, '0.00', '0.00', 'CU', 0, 'N'),
(168, 7947, 3452, 2, 1, '0.00', '0.00', 'SD', 0, 'N'),
(169, 7792, 3549, 1, 1, '62720.00', '56000.00', 'CU', 0, 'N'),
(170, 7792, 2915, 2, 1, '0.00', '0.00', 'CU', 0, 'N'),
(171, 7792, 4055, 2, 1, '0.00', '0.00', 'SD', 0, 'N'),
(172, 7793, 3548, 1, 1, '59920.00', '53500.00', 'CU', 0, 'N'),
(173, 7793, 2915, 2, 1, '0.00', '0.00', 'CU', 0, 'N'),
(174, 7793, 4055, 2, 1, '0.00', '0.00', 'SD', 0, 'N'),
(175, 7951, 455, 1, 1, '927780.00', '828375.00', 'CU', 0, 'N'),
(176, 7951, 1827, 1, 1, '0.00', '0.00', 'CU', 0, 'N'),
(177, 7951, 2005, 1, 1, '0.00', '0.00', 'CU', 0, 'N'),
(178, 7951, 4055, 1, 1, '0.00', '0.00', 'CU', 0, 'N'),
(179, 7951, 3441, 1, 1, '0.00', '0.00', 'CU', 0, 'N'),
(180, 7951, 3948, 1, 1, '0.00', '0.00', 'CU', 0, 'N'),
(181, 7951, 3548, 1, 1, '0.00', '0.00', 'CU', 0, 'N'),
(182, 7951, 3998, 1, 1, '0.00', '0.00', 'CU', 0, 'N'),
(183, 7951, 2915, 1, 1, '0.00', '0.00', 'CU', 0, 'N'),
(184, 7951, 3451, 1, 1, '0.00', '0.00', 'CU', 0, 'N'),
(185, 7951, 962, 1, 1, '0.00', '0.00', 'CU', 960, 'N'),
(186, 7951, 2113, 1, 1, '0.00', '0.00', 'CU', 960, 'N'),
(187, 7951, 2116, 1, 1, '0.00', '0.00', 'CU', 960, 'N'),
(188, 7951, 1632, 1, 1, '0.00', '0.00', 'CU', 960, 'N'),
(189, 7951, 2917, 1, 1, '0.00', '0.00', 'CU', 960, 'N'),
(190, 7951, 1076, 1, 1, '0.00', '0.00', 'CU', 0, 'N'),
(191, 7951, 1153, 1, 1, '0.00', '0.00', 'CU', 2913, 'N'),
(192, 7951, 1154, 1, 1, '0.00', '0.00', 'CU', 2913, 'N'),
(193, 7951, 2914, 1, 1, '0.00', '0.00', 'CU', 2913, 'N'),
(194, 7951, 1888, 1, 1, '0.00', '0.00', 'CU', 1887, 'N'),
(195, 7951, 1892, 1, 1, '0.00', '0.00', 'CU', 1887, 'N'),
(196, 7951, 1904, 1, 1, '0.00', '0.00', 'CU', 1887, 'N'),
(197, 7951, 1901, 1, 1, '0.00', '0.00', 'CU', 1887, 'N'),
(198, 7951, 958, 1, 1, '0.00', '0.00', 'CU', 1887, 'N'),
(199, 7951, 3450, 1, 1, '0.00', '0.00', 'CU', 0, 'N'),
(200, 7951, 3201, 1, 1, '0.00', '0.00', 'CU', 0, 'N'),
(201, 7951, 2051, 1, 1, '0.00', '0.00', 'CU', 3449, 'N'),
(202, 7951, 972, 1, 1, '0.00', '0.00', 'CU', 3449, 'N'),
(203, 7951, 3448, 1, 1, '0.00', '0.00', 'CU', 3449, 'N'),
(204, 7951, 3451, 2, 1, '0.00', '0.00', 'CU', 0, 'N'),
(205, 7951, 3452, 2, 1, '0.00', '0.00', 'CU', 0, 'N'),
(206, 7951, 3542, 2, 1, '0.00', '0.00', 'CU', 0, 'N'),
(207, 7951, 2907, 2, 1, '0.00', '0.00', 'CU', 0, 'N'),
(208, 7951, 1147, 2, 1, '0.00', '0.00', 'CU', 0, 'N'),
(209, 7951, 1143, 2, 1, '0.00', '0.00', 'CU', 0, 'N'),
(210, 7951, 3206, 2, 1, '0.00', '0.00', 'CU', 0, 'N'),
(211, 7951, 4026, 2, 1, '0.00', '0.00', 'CU', 0, 'N'),
(212, 7951, 1632, 2, 1, '0.00', '0.00', 'CU', 0, 'N'),
(213, 7951, 2910, 2, 1, '0.00', '0.00', 'CU', 0, 'N'),
(214, 7951, 963, 2, 1, '0.00', '0.00', 'CU', 0, 'N'),
(215, 7951, 3537, 2, 1, '0.00', '0.00', 'CU', 0, 'N'),
(216, 7951, 1827, 2, 1, '0.00', '0.00', 'SD', 0, 'N'),
(217, 7951, 4023, 2, 1, '0.00', '0.00', 'SD', 0, 'N'),
(218, 7951, 1143, 2, 1, '0.00', '0.00', 'SD', 0, 'N'),
(219, 7951, 2005, 2, 1, '0.00', '0.00', 'SD', 0, 'N'),
(220, 7951, 963, 2, 1, '0.00', '0.00', 'SD', 0, 'N'),
(221, 7951, 2916, 2, 1, '0.00', '0.00', 'SD', 0, 'N'),
(222, 7951, 3998, 2, 1, '0.00', '0.00', 'SD', 0, 'N'),
(223, 7951, 1076, 2, 1, '0.00', '0.00', 'SD', 0, 'N'),
(224, 7951, 2113, 2, 1, '0.00', '0.00', 'SD', 0, 'N'),
(225, 7951, 1632, 2, 1, '0.00', '0.00', 'SD', 0, 'N'),
(226, 7951, 2013, 2, 1, '0.00', '0.00', 'SD', 0, 'N'),
(227, 7794, 969, 1, 1, '59920.00', '53500.00', 'CU', 0, 'N'),
(228, 7794, 2915, 2, 1, '0.00', '0.00', 'CU', 0, 'N'),
(229, 7794, 4055, 2, 1, '0.00', '0.00', 'SD', 0, 'N'),
(230, 7795, 1827, 1, 1, '57960.00', '51750.00', 'CU', 0, 'N'),
(231, 7795, 2915, 2, 1, '0.00', '0.00', 'CU', 0, 'N'),
(232, 7795, 4055, 2, 1, '0.00', '0.00', 'SD', 0, 'N'),
(233, 7839, 1827, 1, 1, '57960.00', '51750.00', 'CU', 0, 'N'),
(234, 7839, 455, 1, 1, '74900.00', '66875.00', 'CU', 0, 'N'),
(235, 7839, 2907, 2, 1, '0.00', '0.00', 'CU', 0, 'N'),
(236, 7839, 962, 2, 1, '0.00', '0.00', 'SD', 0, 'N'),
(237, 7840, 1827, 1, 1, '57960.00', '51750.00', 'CU', 0, 'N'),
(238, 7840, 3948, 1, 1, '69860.00', '62375.00', 'CU', 0, 'N'),
(239, 7840, 2907, 2, 1, '0.00', '0.00', 'CU', 0, 'N'),
(240, 7840, 962, 2, 1, '0.00', '0.00', 'SD', 0, 'N'),
(241, 7944, 3203, 1, 1, '20860.00', '18625.00', 'CU', 3370, 'N'),
(242, 7944, 3202, 1, 1, '0.00', '0.00', 'CU', 3370, 'N'),
(243, 7944, 2916, 2, 1, '0.00', '0.00', 'CU', 0, 'N'),
(244, 7944, 3452, 2, 1, '0.00', '0.00', 'SD', 0, 'N'),
(245, 7945, 3537, 1, 1, '15960.00', '14250.00', 'CU', 0, 'N'),
(246, 7945, 2916, 2, 1, '0.00', '0.00', 'CU', 0, 'N'),
(247, 7945, 3452, 2, 1, '0.00', '0.00', 'SD', 0, 'N'),
(248, 7788, 2538, 1, 1, '76636.00', '66875.00', 'CU', 0, 'N'),
(249, 7788, 3996, 2, 1, '0.00', '0.00', 'CU', 0, 'N'),
(250, 7788, 2907, 2, 1, '0.00', '0.00', 'SD', 0, 'N'),
(251, 7787, 455, 1, 1, '74900.00', '66875.00', 'CU', 0, 'N'),
(252, 7787, 2907, 2, 1, '0.00', '0.00', 'SD', 0, 'N'),
(253, 7787, 3996, 2, 1, '0.00', '0.00', 'CU', 0, 'N'),
(254, 7838, 3948, 1, 1, '69860.00', '62375.00', 'CU', 0, 'N'),
(255, 7838, 455, 1, 1, '74900.00', '66875.00', 'CU', 0, 'N'),
(256, 7838, 2907, 2, 1, '0.00', '0.00', 'CU', 0, 'N'),
(257, 7838, 962, 2, 1, '0.00', '0.00', 'SD', 0, 'N'),
(258, 7935, 2016, 1, 1, '46480.00', '41500.00', 'CU', 0, 'N'),
(259, 7935, 3537, 2, 1, '0.00', '0.00', 'CU', 0, 'N'),
(260, 7935, 4059, 2, 1, '0.00', '0.00', 'CU', 0, 'N'),
(261, 7935, 2908, 2, 1, '0.00', '0.00', 'SD', 0, 'N'),
(262, 7934, 2005, 1, 1, '44800.00', '40000.00', 'CU', 0, 'N'),
(263, 7934, 3537, 2, 1, '0.00', '0.00', 'CU', 0, 'N'),
(264, 7934, 4059, 2, 1, '0.00', '0.00', 'CU', 0, 'N'),
(265, 7934, 2908, 2, 1, '0.00', '0.00', 'SD', 0, 'N'),
(266, 7802, 3505, 1, 1, '44520.00', '39750.00', 'CU', 0, 'N'),
(267, 7802, 3537, 2, 1, '0.00', '0.00', 'CU', 0, 'N'),
(268, 7802, 4059, 2, 1, '0.00', '0.00', 'CU', 0, 'N'),
(269, 7802, 2908, 2, 1, '0.00', '0.00', 'SD', 0, 'N'),
(270, 7803, 3451, 1, 1, '42840.00', '38250.00', 'CU', 0, 'N'),
(271, 7803, 3537, 2, 1, '0.00', '0.00', 'CU', 0, 'N'),
(272, 7803, 4059, 2, 1, '0.00', '0.00', 'CU', 0, 'N'),
(273, 7803, 2908, 2, 1, '0.00', '0.00', 'SD', 0, 'N'),
(274, 7822, 2907, 1, 1, '30940.00', '27625.00', 'CU', 0, 'N'),
(275, 7822, 3537, 2, 1, '0.00', '0.00', 'CU', 0, 'N'),
(276, 7822, 3537, 2, 1, '0.00', '0.00', 'SD', 0, 'N'),
(277, 7822, 1632, 2, 1, '0.00', '0.00', 'CU', 0, 'N'),
(278, 7800, 4001, 1, 1, '46480.00', '41500.00', 'CU', 0, 'N'),
(279, 7800, 3537, 2, 1, '0.00', '0.00', 'CU', 0, 'N'),
(280, 7800, 4059, 2, 1, '0.00', '0.00', 'CU', 0, 'N'),
(281, 7800, 2908, 2, 1, '0.00', '0.00', 'SD', 0, 'N'),
(282, 7801, 3998, 1, 1, '44800.00', '40000.00', 'CU', 0, 'N'),
(283, 7801, 3537, 2, 1, '0.00', '0.00', 'CU', 0, 'N'),
(284, 7801, 4059, 2, 1, '0.00', '0.00', 'CU', 0, 'N'),
(285, 7801, 2908, 2, 1, '0.00', '0.00', 'SD', 0, 'N'),
(286, 7949, 1155, 1, 1, '11900.00', '10625.00', 'CU', 0, 'N'),
(287, 7949, 3321, 2, 1, '0.00', '0.00', 'CU', 0, 'N'),
(288, 7949, 1632, 2, 1, '0.00', '0.00', 'SD', 0, 'N'),
(289, 7790, 3949, 1, 1, '71470.00', '63812.50', 'CU', 0, 'N'),
(290, 7790, 3996, 2, 1, '0.00', '0.00', 'CU', 0, 'N'),
(291, 7790, 2907, 2, 1, '0.00', '0.00', 'SD', 0, 'N'),
(292, 7791, 3948, 1, 1, '69860.00', '62375.00', 'CU', 0, 'N'),
(293, 7791, 3996, 2, 1, '0.00', '0.00', 'CU', 0, 'N'),
(294, 7791, 2907, 2, 1, '0.00', '0.00', 'SD', 0, 'N'),
(295, 7796, 3253, 1, 1, '59920.00', '53500.00', 'CU', 0, 'N'),
(296, 7796, 2915, 2, 1, '0.00', '0.00', 'CU', 0, 'N'),
(297, 7796, 4055, 2, 1, '0.00', '0.00', 'SD', 0, 'N'),
(298, 7797, 3201, 1, 1, '57960.00', '51750.00', 'CU', 0, 'N'),
(299, 7797, 2915, 2, 1, '0.00', '0.00', 'CU', 0, 'N'),
(300, 7797, 4055, 2, 1, '0.00', '0.00', 'SD', 0, 'N'),
(301, 7946, 3450, 1, 1, '14980.00', '13375.00', 'CU', 0, 'N'),
(302, 7946, 2916, 2, 1, '0.00', '0.00', 'CU', 0, 'N'),
(303, 7946, 3452, 2, 1, '0.00', '0.00', 'SD', 0, 'N'),
(304, 7943, 1147, 1, 1, '20860.00', '18625.00', 'CU', 0, 'N'),
(305, 7943, 2916, 2, 1, '0.00', '0.00', 'CU', 0, 'N'),
(306, 7943, 3452, 2, 1, '0.00', '0.00', 'SD', 0, 'N'),
(307, 7887, 1888, 1, 1, '82880.00', '74000.00', 'CU', 1887, 'N'),
(308, 7887, 1904, 1, 1, '0.00', '0.00', 'CU', 1887, 'N'),
(309, 7887, 958, 1, 1, '0.00', '0.00', 'CU', 1887, 'N'),
(310, 7887, 1892, 1, 1, '0.00', '0.00', 'CU', 1887, 'N'),
(311, 7887, 1901, 1, 1, '0.00', '0.00', 'CU', 1887, 'N'),
(312, 7887, 4055, 2, 1, '0.00', '0.00', 'CU', 0, 'N'),
(313, 7887, 4023, 2, 1, '0.00', '0.00', 'SD', 0, 'N'),
(314, 7911, 3448, 1, 1, '42840.00', '38250.00', 'CU', 0, 'N'),
(315, 7911, 3537, 2, 1, '0.00', '0.00', 'SD', 0, 'N'),
(316, 7911, 1155, 2, 1, '0.00', '0.00', 'SD', 0, 'N'),
(317, 7911, 2908, 2, 1, '0.00', '0.00', 'CU', 0, 'N'),
(318, 7893, 4055, 2, 1, '0.00', '0.00', 'CU', 0, 'N'),
(319, 7893, 4023, 2, 1, '0.00', '0.00', 'SD', 0, 'N'),
(320, 7893, 3371, 1, 3, '0.00', '0.00', 'CU', 2140, 'N'),
(321, 7893, 3372, 1, 1, '74900.00', '66875.00', 'CU', 2140, 'N'),
(322, 7893, 985, 1, 1, '0.00', '0.00', 'CU', 2140, 'N'),
(323, 7893, 3464, 2, 1, '0.00', '0.00', 'CU', 0, 'N'),
(324, 7889, 2051, 1, 1, '82880.00', '74000.00', 'CU', 3449, 'N'),
(325, 7889, 3448, 1, 1, '0.00', '0.00', 'CU', 3449, 'N'),
(326, 7889, 972, 1, 1, '0.00', '0.00', 'CU', 3449, 'N'),
(327, 7889, 4055, 2, 1, '0.00', '0.00', 'CU', 0, 'N'),
(328, 7889, 4023, 2, 1, '0.00', '0.00', 'SD', 0, 'N'),
(329, 7885, 3442, 1, 1, '125020.00', '111625.00', 'CU', 0, 'N'),
(330, 7885, 2915, 2, 1, '0.00', '0.00', 'CU', 0, 'N'),
(331, 7885, 962, 2, 1, '0.00', '0.00', 'SD', 0, 'N'),
(332, 7883, 3441, 1, 1, '119980.00', '107125.00', 'CU', 0, 'N'),
(333, 7883, 2915, 2, 1, '0.00', '0.00', 'CU', 0, 'N'),
(334, 7883, 962, 2, 1, '0.00', '0.00', 'SD', 0, 'N'),
(335, 7905, 2908, 2, 1, '0.00', '0.00', 'CU', 0, 'N'),
(336, 7905, 3537, 2, 1, '0.00', '0.00', 'SD', 0, 'N'),
(337, 7905, 1155, 2, 1, '0.00', '0.00', 'SD', 0, 'N'),
(338, 7905, 3531, 1, 1, '46480.00', '41500.00', 'CU', 0, 'N'),
(339, 7903, 1155, 2, 1, '0.00', '0.00', 'SD', 0, 'N'),
(340, 7903, 2908, 2, 1, '0.00', '0.00', 'CU', 0, 'N'),
(341, 7903, 3527, 1, 1, '44800.00', '40000.00', 'CU', 0, 'N'),
(342, 7903, 3537, 2, 1, '0.00', '0.00', 'SD', 0, 'N'),
(343, 7910, 3549, 1, 1, '62720.00', '56000.00', 'CU', 0, 'N'),
(344, 7910, 3537, 2, 1, '0.00', '0.00', 'CU', 0, 'N'),
(345, 7910, 4023, 2, 1, '0.00', '0.00', 'SD', 0, 'N'),
(346, 7910, 4055, 2, 1, '0.00', '0.00', 'CU', 0, 'N'),
(347, 7909, 3548, 1, 1, '59920.00', '53500.00', 'CU', 0, 'N'),
(348, 7909, 4023, 2, 1, '0.00', '0.00', 'SD', 0, 'N'),
(349, 7909, 4055, 2, 1, '0.00', '0.00', 'CU', 0, 'N'),
(350, 7901, 2908, 2, 1, '0.00', '0.00', 'CU', 0, 'N'),
(351, 7901, 1155, 2, 1, '0.00', '0.00', 'SD', 0, 'N'),
(352, 7901, 2016, 1, 1, '46480.00', '41500.00', 'CU', 0, 'N'),
(353, 7901, 3537, 2, 1, '0.00', '0.00', 'SD', 0, 'N'),
(354, 7899, 1155, 2, 1, '0.00', '0.00', 'SD', 0, 'N'),
(355, 7899, 2908, 2, 1, '0.00', '0.00', 'CU', 0, 'N'),
(356, 7899, 2005, 1, 1, '44800.00', '40000.00', 'CU', 0, 'N'),
(357, 7899, 3537, 2, 1, '0.00', '0.00', 'SD', 0, 'N'),
(358, 7880, 4055, 2, 1, '0.00', '0.00', 'SD', 0, 'N'),
(359, 7880, 2005, 1, 1, '209160.00', '186750.00', 'CU', 0, 'N'),
(360, 7880, 1827, 1, 1, '0.00', '0.00', 'CU', 0, 'N'),
(361, 7880, 3948, 1, 1, '0.00', '0.00', 'CU', 0, 'N'),
(362, 7880, 3998, 1, 1, '0.00', '0.00', 'CU', 0, 'N'),
(363, 7880, 1155, 2, 1, '0.00', '0.00', 'CU', 0, 'N'),
(364, 7880, 2910, 2, 1, '0.00', '0.00', 'CU', 0, 'N'),
(365, 7880, 3537, 2, 1, '0.00', '0.00', 'CU', 0, 'N'),
(366, 7880, 4055, 2, 1, '0.00', '0.00', 'CU', 0, 'N'),
(367, 7880, 2915, 2, 1, '0.00', '0.00', 'SD', 0, 'N'),
(368, 7880, 2916, 2, 1, '0.00', '0.00', 'SD', 0, 'N'),
(369, 7880, 3996, 2, 1, '0.00', '0.00', 'SD', 0, 'N'),
(370, 7880, 1155, 2, 1, '0.00', '0.00', 'SD', 0, 'N'),
(371, 7880, 2907, 2, 1, '0.00', '0.00', 'SD', 0, 'N'),
(372, 7917, 4001, 1, 1, '46480.00', '41500.00', 'CU', 0, 'N'),
(373, 7917, 3537, 2, 1, '0.00', '0.00', 'CU', 0, 'N'),
(374, 7917, 1155, 2, 1, '0.00', '0.00', 'CU', 0, 'N'),
(375, 7917, 2908, 2, 1, '0.00', '0.00', 'SD', 0, 'N'),
(376, 7916, 3998, 1, 1, '44800.00', '40000.00', 'CU', 0, 'N'),
(377, 7916, 3537, 2, 1, '0.00', '0.00', 'SD', 0, 'N'),
(378, 7916, 1155, 2, 1, '0.00', '0.00', 'SD', 0, 'N'),
(379, 7916, 2908, 2, 1, '0.00', '0.00', 'CU', 0, 'N'),
(380, 7908, 3949, 1, 1, '71470.00', '63812.50', 'CU', 0, 'N'),
(381, 7908, 4023, 2, 1, '0.00', '0.00', 'SD', 0, 'N'),
(382, 7908, 4055, 2, 1, '0.00', '0.00', 'CU', 0, 'N'),
(383, 7907, 3948, 1, 1, '69860.00', '62375.00', 'CU', 0, 'N'),
(384, 7907, 4023, 2, 1, '0.00', '0.00', 'SD', 0, 'N'),
(385, 7907, 4055, 2, 1, '0.00', '0.00', 'CU', 0, 'N'),
(386, 7878, 985, 2, 1, '0.00', '0.00', 'SD', 2140, 'N'),
(387, 7878, 2005, 1, 1, '321300.00', '286875.00', 'CU', 0, 'N'),
(388, 7878, 1827, 1, 1, '0.00', '0.00', 'CU', 0, 'N'),
(389, 7878, 3948, 1, 1, '0.00', '0.00', 'CU', 0, 'N'),
(390, 7878, 3998, 1, 1, '0.00', '0.00', 'CU', 0, 'N'),
(391, 7878, 3448, 1, 1, '0.00', '0.00', 'CU', 0, 'N'),
(392, 7878, 455, 1, 1, '0.00', '0.00', 'CU', 0, 'N'),
(393, 7878, 1076, 2, 1, '0.00', '0.00', 'CU', 0, 'N'),
(394, 7878, 1632, 2, 1, '0.00', '0.00', 'CU', 0, 'N'),
(395, 7878, 1155, 2, 1, '0.00', '0.00', 'CU', 0, 'N'),
(396, 7878, 2910, 2, 1, '0.00', '0.00', 'CU', 0, 'N'),
(397, 7878, 3537, 2, 1, '0.00', '0.00', 'CU', 0, 'N'),
(398, 7878, 891, 2, 1, '0.00', '0.00', 'CU', 0, 'N'),
(399, 7878, 962, 2, 1, '0.00', '0.00', 'SD', 960, 'N'),
(400, 7878, 2113, 2, 1, '0.00', '0.00', 'SD', 960, 'N'),
(401, 7878, 4059, 2, 1, '0.00', '0.00', 'SD', 960, 'N'),
(402, 7878, 1632, 2, 1, '0.00', '0.00', 'SD', 960, 'N'),
(403, 7878, 2917, 2, 1, '0.00', '0.00', 'SD', 960, 'N'),
(404, 7878, 2910, 2, 1, '0.00', '0.00', 'SD', 0, 'N'),
(405, 7878, 2916, 2, 1, '0.00', '0.00', 'SD', 0, 'N'),
(406, 7878, 2013, 2, 1, '0.00', '0.00', 'SD', 0, 'N'),
(407, 7878, 4026, 2, 1, '0.00', '0.00', 'SD', 0, 'N'),
(408, 7878, 1155, 2, 1, '0.00', '0.00', 'SD', 0, 'N'),
(409, 7878, 3371, 2, 3, '0.00', '0.00', 'SD', 2140, 'N'),
(410, 7878, 3372, 2, 1, '0.00', '0.00', 'SD', 2140, 'N'),
(411, 7913, 4023, 2, 1, '0.00', '0.00', 'SD', 0, 'N'),
(412, 7913, 4008, 2, 1, '0.00', '0.00', 'CU', 0, 'N'),
(413, 7913, 969, 1, 1, '59920.00', '53500.00', 'CU', 0, 'N'),
(414, 7914, 1827, 1, 1, '57960.00', '51750.00', 'CU', 0, 'N'),
(415, 7914, 4023, 2, 1, '0.00', '0.00', 'SD', 0, 'N'),
(416, 7914, 4008, 2, 1, '0.00', '0.00', 'CU', 0, 'N'),
(417, 7763, 963, 1, 1, '2500.00', '0.00', 'CU', 0, 'N'),
(418, 7762, 1632, 1, 1, '3500.00', '0.00', 'CU', 0, 'N'),
(419, 7766, 1827, 1, 1, '50900.00', '0.00', 'CU', 0, 'N'),
(420, 7764, 2005, 1, 1, '30000.00', '0.00', 'CU', 0, 'N'),
(421, 7765, 3998, 1, 1, '30000.00', '0.00', 'CU', 0, 'N'),
(422, 7912, 4103, 1, 1, '14980.00', '0.00', 'CU', 0, 'N'),
(423, 7912, 4099, 2, 1, '0.00', '0.00', 'CU', 0, 'N'),
(424, 7912, 4099, 2, 1, '0.00', '0.00', 'SD', 0, 'N');

-- --------------------------------------------------------

--
-- Table structure for table `shop_cart`
--

CREATE TABLE `shop_cart` (
  `id` int(11) NOT NULL,
  `user_id` int(11) NOT NULL,
  `promo_id` int(11) NOT NULL,
  `item_id` int(11) NOT NULL,
  `quantity` int(11) NOT NULL,
  `amount` decimal(18,2) NOT NULL,
  `date_cart` datetime NOT NULL,
  `date_purchase` datetime NOT NULL,
  `request_id` varchar(50) NOT NULL,
  `promo_expire` char(1) NOT NULL DEFAULT 'N',
  `tmp_user_id` varchar(255) NOT NULL,
  `amount_retained` char(1) NOT NULL DEFAULT 'N',
  `request_link` varchar(50) NOT NULL,
  `customer_id` int(11) NOT NULL
) ENGINE=InnoDB DEFAULT CHARSET=latin1;

-- --------------------------------------------------------

--
-- Table structure for table `shop_cart_tmp`
--

CREATE TABLE `shop_cart_tmp` (
  `id` int(11) NOT NULL,
  `user_id` int(11) NOT NULL,
  `promo_id` int(11) NOT NULL,
  `item_id` int(11) NOT NULL,
  `quantity` int(11) NOT NULL,
  `amount` decimal(18,2) NOT NULL,
  `date_cart` datetime NOT NULL,
  `promo_expire` char(1) NOT NULL DEFAULT 'N',
  `tmp_user_id` varchar(255) NOT NULL,
  `amount_retained` char(1) NOT NULL DEFAULT 'N'
) ENGINE=InnoDB DEFAULT CHARSET=latin1;

--
-- Dumping data for table `shop_cart_tmp`
--

INSERT INTO `shop_cart_tmp` (`id`, `user_id`, `promo_id`, `item_id`, `quantity`, `amount`, `date_cart`, `promo_expire`, `tmp_user_id`, `amount_retained`) VALUES
(1, 20563, 7840, 0, 2, '127820.00', '2019-02-18 05:25:28', 'Y', 'u792dlafiolot7pngnk7i4hnioscj6sevYlUdaL2kU20563', 'N'),
(3, 20398, 7885, 0, 1, '125020.00', '2019-02-27 08:39:37', 'N', 'qtec23fgusvoi738radsr3129qn2qvolUupQGoPlFr20398', 'N'),
(4, 23089, 7911, 0, 1, '42840.00', '2019-02-27 08:51:30', 'N', '83rr9pl1tisr25l3geso56e01qqkngp3ONL3En12Ld23089', 'N'),
(5, 19109, 7885, 0, 1, '125020.00', '2019-02-27 08:53:08', 'N', 'vq0v8jpmg92i33k01l4qh1om23a53hqigPavTdm7x219109', 'N'),
(6, 26375, 7914, 0, 1, '57960.00', '2019-02-27 09:01:42', 'N', '8c2lda9le9efkvugmq3nlgvrba2507a2ENfjl63MCR26375', 'N'),
(7, 19791, 7914, 0, 1, '57960.00', '2019-02-27 09:17:52', 'N', 'blhrv561582jjqkg680dvbk4bpk15j6fI18ECYc5Ca19791', 'N'),
(8, 19791, 7933, 0, 1, '49980.00', '2019-02-27 09:53:06', 'N', 'blhrv561582jjqkg680dvbk4bpk15j6fI18ECYc5Ca19791', 'N'),
(11, 25969, 7914, 0, 1, '57960.00', '2019-02-28 09:04:30', 'N', '25sbg1ob1gbe8q1kktpvaihulbsqk9gcqNxhJqFjvx25969', 'N'),
(18, 17940, 7909, 0, 1, '59920.00', '2019-03-02 06:16:54', 'N', 'uvp9tkdbensn6fbdb6b9pr4m7qf5ghlqVaLFL5Tn9t17940', 'N');

-- --------------------------------------------------------

--
-- Table structure for table `shop_idcf`
--

CREATE TABLE `shop_idcf` (
  `id` bigint(20) NOT NULL,
  `sponsor_id` bigint(20) NOT NULL,
  `last_name` varchar(255) NOT NULL,
  `first_name` varchar(255) NOT NULL,
  `middle_name` varchar(255) NOT NULL,
  `n_address` varchar(255) NOT NULL,
  `birthdate` date NOT NULL,
  `civil_status` varchar(255) NOT NULL,
  `email_address` varchar(255) NOT NULL,
  `n_mobile_no` varchar(255) NOT NULL,
  `tin` varchar(255) NOT NULL,
  `sss_no` varchar(255) NOT NULL,
  `nick_name` varchar(255) NOT NULL,
  `home_tel_no` varchar(255) NOT NULL,
  `office_tel_no` varchar(255) NOT NULL,
  `admin_fee` decimal(10,0) NOT NULL,
  `s_last_name` varchar(255) NOT NULL,
  `s_first_name` varchar(255) NOT NULL,
  `s_middle_name` varchar(255) NOT NULL,
  `s_mobile_no` varchar(255) NOT NULL,
  `s_address` varchar(255) NOT NULL,
  `shop_idcf_status` varchar(255) NOT NULL,
  `tmp_user_id` varchar(255) NOT NULL,
  `remarks` varchar(255) NOT NULL,
  `img_path` varchar(255) NOT NULL,
  `img_file_type` varchar(255) NOT NULL,
  `cash_payment` varchar(1) NOT NULL,
  `member` varchar(1) NOT NULL,
  `depositing_bank` varchar(255) NOT NULL,
  `deposit_ref_no` varchar(255) NOT NULL
) ENGINE=InnoDB DEFAULT CHARSET=latin1;

--
-- Indexes for dumped tables
--

--
-- Indexes for table `countries`
--
ALTER TABLE `countries`
  ADD PRIMARY KEY (`id`),
  ADD UNIQUE KEY `country_code` (`country_code`);

--
-- Indexes for table `currency_rates`
--
ALTER TABLE `currency_rates`
  ADD PRIMARY KEY (`id`);

--
-- Indexes for table `customers`
--
ALTER TABLE `customers`
  ADD PRIMARY KEY (`id`);

--
-- Indexes for table `distributors`
--
ALTER TABLE `distributors`
  ADD PRIMARY KEY (`id`),
  ADD UNIQUE KEY `distributor_id` (`distributor_id`);

--
-- Indexes for table `distributor_levels`
--
ALTER TABLE `distributor_levels`
  ADD PRIMARY KEY (`id`);

--
-- Indexes for table `items`
--
ALTER TABLE `items`
  ADD PRIMARY KEY (`id`),
  ADD UNIQUE KEY `item_id` (`item_id`);

--
-- Indexes for table `item_class`
--
ALTER TABLE `item_class`
  ADD PRIMARY KEY (`id`);

--
-- Indexes for table `item_packages`
--
ALTER TABLE `item_packages`
  ADD PRIMARY KEY (`id`);

--
-- Indexes for table `portal_accounts`
--
ALTER TABLE `portal_accounts`
  ADD PRIMARY KEY (`id`),
  ADD UNIQUE KEY `user_id` (`user_id`);

--
-- Indexes for table `promo_items`
--
ALTER TABLE `promo_items`
  ADD PRIMARY KEY (`id`);

--
-- Indexes for table `promo_item_breakdown`
--
ALTER TABLE `promo_item_breakdown`
  ADD PRIMARY KEY (`id`);

--
-- Indexes for table `shop_cart`
--
ALTER TABLE `shop_cart`
  ADD PRIMARY KEY (`id`);

--
-- Indexes for table `shop_cart_tmp`
--
ALTER TABLE `shop_cart_tmp`
  ADD PRIMARY KEY (`id`);

--
-- Indexes for table `shop_idcf`
--
ALTER TABLE `shop_idcf`
  ADD PRIMARY KEY (`id`);

--
-- AUTO_INCREMENT for dumped tables
--

--
-- AUTO_INCREMENT for table `countries`
--
ALTER TABLE `countries`
  MODIFY `id` int(11) NOT NULL AUTO_INCREMENT, AUTO_INCREMENT=240;

--
-- AUTO_INCREMENT for table `currency_rates`
--
ALTER TABLE `currency_rates`
  MODIFY `id` int(11) NOT NULL AUTO_INCREMENT, AUTO_INCREMENT=2;

--
-- AUTO_INCREMENT for table `customers`
--
ALTER TABLE `customers`
  MODIFY `id` int(11) NOT NULL AUTO_INCREMENT;

--
-- AUTO_INCREMENT for table `distributors`
--
ALTER TABLE `distributors`
  MODIFY `id` int(11) NOT NULL AUTO_INCREMENT, AUTO_INCREMENT=599;

--
-- AUTO_INCREMENT for table `distributor_levels`
--
ALTER TABLE `distributor_levels`
  MODIFY `id` int(11) NOT NULL AUTO_INCREMENT, AUTO_INCREMENT=13;

--
-- AUTO_INCREMENT for table `items`
--
ALTER TABLE `items`
  MODIFY `id` int(11) NOT NULL AUTO_INCREMENT, AUTO_INCREMENT=190;

--
-- AUTO_INCREMENT for table `item_class`
--
ALTER TABLE `item_class`
  MODIFY `id` int(11) NOT NULL AUTO_INCREMENT, AUTO_INCREMENT=15;

--
-- AUTO_INCREMENT for table `item_packages`
--
ALTER TABLE `item_packages`
  MODIFY `id` int(11) NOT NULL AUTO_INCREMENT, AUTO_INCREMENT=12;

--
-- AUTO_INCREMENT for table `portal_accounts`
--
ALTER TABLE `portal_accounts`
  MODIFY `id` int(11) NOT NULL AUTO_INCREMENT, AUTO_INCREMENT=13;

--
-- AUTO_INCREMENT for table `promo_items`
--
ALTER TABLE `promo_items`
  MODIFY `id` int(11) NOT NULL AUTO_INCREMENT, AUTO_INCREMENT=82;

--
-- AUTO_INCREMENT for table `promo_item_breakdown`
--
ALTER TABLE `promo_item_breakdown`
  MODIFY `id` int(11) NOT NULL AUTO_INCREMENT, AUTO_INCREMENT=425;

--
-- AUTO_INCREMENT for table `shop_cart`
--
ALTER TABLE `shop_cart`
  MODIFY `id` int(11) NOT NULL AUTO_INCREMENT;

--
-- AUTO_INCREMENT for table `shop_cart_tmp`
--
ALTER TABLE `shop_cart_tmp`
  MODIFY `id` int(11) NOT NULL AUTO_INCREMENT, AUTO_INCREMENT=19;

--
-- AUTO_INCREMENT for table `shop_idcf`
--
ALTER TABLE `shop_idcf`
  MODIFY `id` bigint(20) NOT NULL AUTO_INCREMENT;
COMMIT;

/*!40101 SET CHARACTER_SET_CLIENT=@OLD_CHARACTER_SET_CLIENT */;
/*!40101 SET CHARACTER_SET_RESULTS=@OLD_CHARACTER_SET_RESULTS */;
/*!40101 SET COLLATION_CONNECTION=@OLD_COLLATION_CONNECTION */;
